num__Age,num__FamilySize,num__Log_Fare,num__SibSp,num__Parch,num__Pclass,cat__Sex_female,cat__Sex_male,cat__Embarked_C,cat__Embarked_Q,cat__Embarked_S,cat__Title_Master,cat__Title_Miss,cat__Title_Mr,cat__Title_Mrs,cat__Title_Officer,cat__Title_Royalty,cat__Deck_A,cat__Deck_B,cat__Deck_C,cat__Deck_D,cat__Deck_E,cat__Deck_F,cat__Deck_M,cat__Has_Cabin_Has_Cabin,cat__Has_Cabin_No_Cabin
1.2231614214564743,-0.5546661333371994,0.4374035734762712,-0.47072241016576966,-0.47934163551176356,-1.6141360232496715,0.0,1.0,0.0,0.0,1.0,0.0,0.0,1.0,0.0,0.0,0.0,0.0,0.0,1.0,0.0,0.0,0.0,0.0,1.0,0.0
-0.46589258290908986,-0.5546661333371994,-0.3229354857942215,-0.47072241016576966,-0.47934163551176356,-0.40055117789194583,0.0,1.0,0.0,0.0,1.0,0.0,0.0,1.0,0.0,0.0,0.0,0.0,0.0,0.0,0.0,0.0,0.0,1.0,0.0,1.0
0.19504159271221788,-0.5546661333371994,-0.7822005884264942,-0.47072241016576966,-0.47934163551176356,0.8130336674657798,0.0,1.0,0.0,0.0,1.0,0.0,0.0,1.0,0.0,0.0,0.0,0.0,0.0,0.0,0.0,0.0,0.0,1.0,0.0,1.0
-0.24558119103532064,0.040096346988231245,-0.7903253443490756,0.3799231635348091,-0.47934163551176356,0.8130336674657798,0.0,1.0,0.0,0.0,1.0,0.0,0.0,1.0,0.0,0.0,0.0,0.0,0.0,0.0,0.0,0.0,0.0,1.0,0.0,1.0
-1.7143238035271156,3.013908748615384,0.5291162981063051,2.931859884636545,2.048741656965093,0.8130336674657798,1.0,0.0,0.0,0.0,1.0,0.0,1.0,0.0,0.0,0.0,0.0,0.0,0.0,0.0,0.0,0.0,0.0,1.0,0.0,1.0
-0.39245545228450013,0.040096346988231245,2.611446986380956,-0.47072241016576966,0.7847000107266648,-1.6141360232496715,0.0,1.0,1.0,0.0,0.0,0.0,0.0,1.0,0.0,0.0,0.0,0.0,1.0,0.0,0.0,0.0,0.0,0.0,1.0,0.0
1.1497242908318845,-0.5546661333371994,0.3676389646316987,-0.47072241016576966,-0.47934163551176356,-1.6141360232496715,0.0,1.0,0.0,0.0,1.0,0.0,0.0,0.0,0.0,1.0,0.0,0.0,1.0,0.0,0.0,0.0,0.0,0.0,1.0,0.0
-0.02526979916155138,0.040096346988231245,0.4100959634310145,0.3799231635348091,-0.47934163551176356,-0.40055117789194583,0.0,1.0,1.0,0.0,0.0,0.0,0.0,1.0,0.0,0.0,0.0,0.0,0.0,0.0,0.0,0.0,0.0,1.0,0.0,1.0
-0.09870692978614112,-0.5546661333371994,-0.7855436396344988,-0.47072241016576966,-0.47934163551176356,0.8130336674657798,0.0,1.0,0.0,0.0,1.0,0.0,0.0,1.0,0.0,0.0,0.0,0.0,0.0,0.0,0.0,0.0,0.0,1.0,0.0,1.0
1.1497242908318845,-0.5546661333371994,0.6546124257286282,-0.47072241016576966,-0.47934163551176356,-1.6141360232496715,0.0,1.0,0.0,0.0,1.0,0.0,0.0,1.0,0.0,0.0,0.0,0.0,0.0,1.0,0.0,0.0,0.0,0.0,1.0,0.0
0.9294128989581154,-0.5546661333371994,-0.3229354857942215,-0.47072241016576966,-0.47934163551176356,-0.40055117789194583,1.0,0.0,0.0,0.0,1.0,0.0,0.0,0.0,1.0,0.0,0.0,0.0,0.0,0.0,0.0,0.0,0.0,1.0,0.0,1.0
0.48879011521057686,0.6348588273136618,0.2746592692781365,0.3799231635348091,0.7847000107266648,0.8130336674657798,0.0,1.0,0.0,0.0,1.0,0.0,0.0,1.0,0.0,0.0,0.0,0.0,0.0,0.0,0.0,0.0,0.0,1.0,0.0,1.0
0.2684787233368076,-0.5546661333371994,-0.37718083985918793,-0.47072241016576966,-0.47934163551176356,-0.40055117789194583,0.0,1.0,0.0,0.0,1.0,0.0,0.0,1.0,0.0,0.0,0.0,0.0,0.0,0.0,0.0,0.0,0.0,1.0,0.0,1.0
-0.9065153666566284,0.040096346988231245,-0.8869301748825031,0.3799231635348091,-0.47934163551176356,0.8130336674657798,0.0,1.0,0.0,0.0,1.0,0.0,0.0,1.0,0.0,0.0,0.0,0.0,0.0,0.0,0.0,0.0,0.0,1.0,0.0,1.0
-0.02526979916155138,-0.5546661333371994,-0.6164095917111074,-0.47072241016576966,-0.47934163551176356,0.8130336674657798,0.0,1.0,0.0,0.0,1.0,0.0,0.0,1.0,0.0,0.0,0.0,0.0,0.0,0.0,0.0,0.0,0.0,1.0,0.0,1.0
1.5169099439548335,0.040096346988231245,0.3470672904774781,-0.47072241016576966,0.7847000107266648,-0.40055117789194583,1.0,0.0,0.0,0.0,1.0,0.0,0.0,0.0,1.0,0.0,0.0,0.0,0.0,0.0,0.0,0.0,0.0,1.0,0.0,1.0
0.41535298458598713,0.040096346988231245,1.5865525321341436,0.3799231635348091,-0.47934163551176356,-1.6141360232496715,1.0,0.0,0.0,0.0,1.0,0.0,0.0,0.0,1.0,0.0,0.0,0.0,0.0,1.0,0.0,0.0,0.0,0.0,1.0,0.0
0.6356643764597564,-0.5546661333371994,2.525877242903418,-0.47072241016576966,-0.47934163551176356,-1.6141360232496715,1.0,0.0,1.0,0.0,0.0,0.0,1.0,0.0,0.0,0.0,0.0,0.0,0.0,1.0,0.0,0.0,0.0,0.0,1.0,0.0
0.3419158539613974,-0.5546661333371994,-0.3229354857942215,-0.47072241016576966,-0.47934163551176356,-0.40055117789194583,0.0,1.0,0.0,0.0,1.0,0.0,0.0,1.0,0.0,0.0,0.0,0.0,0.0,0.0,0.0,0.0,0.0,1.0,0.0,1.0
-0.9065153666566284,0.040096346988231245,1.1270675968422692,0.3799231635348091,-0.47934163551176356,-1.6141360232496715,1.0,0.0,0.0,0.0,1.0,0.0,0.0,0.0,1.0,0.0,0.0,0.0,1.0,0.0,0.0,0.0,0.0,0.0,1.0,0.0
-1.3471381504041668,3.013908748615384,0.5291162981063051,2.931859884636545,2.048741656965093,0.8130336674657798,1.0,0.0,0.0,0.0,1.0,0.0,1.0,0.0,0.0,0.0,0.0,0.0,0.0,0.0,0.0,0.0,0.0,1.0,0.0,1.0
2.3247183808253205,-0.5546661333371994,-0.9960006520186098,-0.47072241016576966,-0.47934163551176356,0.8130336674657798,0.0,1.0,0.0,0.0,1.0,0.0,0.0,1.0,0.0,0.0,0.0,0.0,0.0,0.0,0.0,0.0,0.0,1.0,0.0,1.0
0.04816733146303837,-0.5546661333371994,-0.7012059848131963,-0.47072241016576966,-0.47934163551176356,0.8130336674657798,1.0,0.0,0.0,0.0,1.0,0.0,1.0,0.0,0.0,0.0,0.0,0.0,0.0,0.0,0.0,0.0,0.0,1.0,0.0,1.0
-1.640886672902526,0.6348588273136618,0.35646950867414806,-0.47072241016576966,2.048741656965093,-0.40055117789194583,1.0,0.0,0.0,0.0,1.0,0.0,1.0,0.0,0.0,0.0,0.0,0.0,0.0,0.0,0.0,0.0,0.0,1.0,0.0,1.0
2.4715926420745,-0.5546661333371994,-0.6079437053405502,-0.47072241016576966,-0.47934163551176356,0.8130336674657798,1.0,0.0,0.0,0.0,1.0,0.0,0.0,0.0,1.0,0.0,0.0,0.0,0.0,0.0,0.0,0.0,0.0,1.0,0.0,1.0
-0.6862039747828591,-0.5546661333371994,-0.8650022939791525,-0.47072241016576966,-0.47934163551176356,0.8130336674657798,0.0,1.0,1.0,0.0,0.0,0.0,0.0,1.0,0.0,0.0,0.0,0.0,0.0,0.0,0.0,0.0,0.0,1.0,0.0,1.0
-0.17214406041073088,0.6348588273136618,0.19926578085982907,-0.47072241016576966,2.048741656965093,0.8130336674657798,1.0,0.0,1.0,0.0,0.0,0.0,0.0,0.0,1.0,0.0,0.0,0.0,0.0,0.0,0.0,0.0,0.0,1.0,0.0,1.0
-0.02526979916155138,-0.5546661333371994,-0.6180333813210297,-0.47072241016576966,-0.47934163551176356,0.8130336674657798,0.0,1.0,0.0,0.0,1.0,0.0,0.0,1.0,0.0,0.0,0.0,0.0,0.0,0.0,0.0,0.0,0.0,1.0,0.0,1.0
0.48879011521057686,1.2296213076390923,1.8772202168782328,0.3799231635348091,2.048741656965093,-1.6141360232496715,0.0,1.0,0.0,0.0,1.0,0.0,0.0,1.0,0.0,0.0,0.0,0.0,1.0,0.0,0.0,0.0,0.0,0.0,1.0,0.0
-0.09870692978614112,-0.5546661333371994,-0.22185174087666482,-0.47072241016576966,-0.47934163551176356,0.8130336674657798,0.0,1.0,1.0,0.0,0.0,0.0,0.0,1.0,0.0,0.0,0.0,0.0,0.0,0.0,0.0,0.0,0.0,1.0,0.0,1.0
1.5169099439548335,-0.5546661333371994,-0.7680121336586697,-0.47072241016576966,-0.47934163551176356,0.8130336674657798,0.0,1.0,0.0,0.0,1.0,0.0,0.0,1.0,0.0,0.0,0.0,0.0,0.0,0.0,0.0,0.0,0.0,1.0,0.0,1.0
-0.17214406041073088,0.6348588273136618,2.4517098427125483,-0.47072241016576966,2.048741656965093,-1.6141360232496715,0.0,1.0,1.0,0.0,0.0,0.0,0.0,1.0,0.0,0.0,0.0,0.0,0.0,1.0,0.0,0.0,0.0,0.0,1.0,0.0
0.04816733146303837,-0.5546661333371994,-0.8624270734479169,-0.47072241016576966,-0.47934163551176356,0.8130336674657798,0.0,1.0,0.0,0.0,1.0,0.0,0.0,1.0,0.0,0.0,0.0,0.0,0.0,0.0,0.0,0.0,0.0,1.0,0.0,1.0
0.2684787233368076,0.040096346988231245,1.5865525321341436,0.3799231635348091,-0.47934163551176356,-1.6141360232496715,1.0,0.0,0.0,1.0,0.0,0.0,1.0,0.0,0.0,0.0,0.0,0.0,0.0,1.0,0.0,0.0,0.0,0.0,1.0,0.0
-0.09870692978614112,-0.5546661333371994,-0.8053207497537629,-0.47072241016576966,-0.47934163551176356,0.8130336674657798,0.0,1.0,0.0,1.0,0.0,0.0,0.0,1.0,0.0,0.0,0.0,0.0,0.0,0.0,0.0,0.0,0.0,1.0,0.0,1.0
-1.7143238035271156,1.8243837879645228,0.32671611064082623,2.0812143109359664,0.7847000107266648,0.8130336674657798,1.0,0.0,0.0,0.0,1.0,0.0,1.0,0.0,0.0,0.0,0.0,0.0,0.0,0.0,0.0,0.0,0.0,1.0,0.0,1.0
-2.0080723260254745,1.8243837879645228,0.1416214723374965,2.0812143109359664,0.7847000107266648,0.8130336674657798,0.0,1.0,0.0,0.0,1.0,1.0,0.0,0.0,0.0,0.0,0.0,0.0,0.0,0.0,0.0,0.0,0.0,1.0,0.0,1.0
-0.3190183216599104,0.6348588273136618,0.48799907229564676,0.3799231635348091,0.7847000107266648,-0.40055117789194583,1.0,0.0,0.0,0.0,1.0,0.0,1.0,0.0,0.0,0.0,0.0,0.0,0.0,0.0,0.0,0.0,0.0,1.0,0.0,1.0
1.590347074579423,0.040096346988231245,1.2013219641774628,-0.47072241016576966,0.7847000107266648,-1.6141360232496715,0.0,1.0,1.0,0.0,0.0,0.0,0.0,1.0,0.0,0.0,0.0,0.0,0.0,0.0,0.0,0.0,0.0,1.0,0.0,1.0
-0.3190183216599104,0.040096346988231245,0.3470672904774781,-0.47072241016576966,0.7847000107266648,-0.40055117789194583,1.0,0.0,0.0,0.0,1.0,0.0,0.0,0.0,1.0,0.0,0.0,0.0,0.0,0.0,0.0,0.0,0.0,1.0,0.0,1.0
-0.09870692978614112,-0.5546661333371994,-0.8624270734479169,-0.47072241016576966,-0.47934163551176356,0.8130336674657798,0.0,1.0,0.0,0.0,1.0,0.0,0.0,1.0,0.0,0.0,0.0,0.0,0.0,0.0,0.0,0.0,0.0,1.0,0.0,1.0
-0.09870692978614112,-0.5546661333371994,-0.7855436396344988,-0.47072241016576966,-0.47934163551176356,0.8130336674657798,0.0,1.0,0.0,0.0,1.0,0.0,0.0,1.0,0.0,0.0,0.0,0.0,0.0,0.0,0.0,0.0,0.0,1.0,0.0,1.0
-0.39245545228450013,-0.5546661333371994,-0.3229354857942215,-0.47072241016576966,-0.47934163551176356,-0.40055117789194583,1.0,0.0,0.0,0.0,1.0,0.0,1.0,0.0,0.0,0.0,0.0,0.0,0.0,0.0,0.0,0.0,0.0,1.0,0.0,1.0
-0.8330782360320387,0.6348588273136618,0.1009639353071456,0.3799231635348091,0.7847000107266648,0.8130336674657798,0.0,1.0,0.0,0.0,1.0,0.0,0.0,1.0,0.0,0.0,0.0,0.0,0.0,0.0,0.0,0.0,0.0,1.0,0.0,1.0
1.1497242908318845,-0.5546661333371994,0.5043215557614832,-0.47072241016576966,-0.47934163551176356,-1.6141360232496715,0.0,1.0,0.0,0.0,1.0,0.0,0.0,1.0,0.0,0.0,0.0,0.0,0.0,1.0,0.0,0.0,0.0,0.0,1.0,0.0
-0.3190183216599104,-0.5546661333371994,-0.8874622796252972,-0.47072241016576966,-0.47934163551176356,0.8130336674657798,0.0,1.0,0.0,0.0,1.0,0.0,0.0,1.0,0.0,0.0,0.0,0.0,0.0,0.0,0.0,0.0,0.0,1.0,0.0,1.0
-0.39245545228450013,0.6348588273136618,-0.21910355439909165,-0.47072241016576966,2.048741656965093,-0.40055117789194583,1.0,0.0,0.0,0.0,1.0,0.0,0.0,0.0,1.0,0.0,0.0,0.0,0.0,0.0,0.0,0.0,0.0,1.0,0.0,1.0
-0.5393297135336796,-0.5546661333371994,-0.8294797898579589,-0.47072241016576966,-0.47934163551176356,0.8130336674657798,0.0,1.0,0.0,0.0,1.0,0.0,0.0,1.0,0.0,0.0,0.0,0.0,0.0,0.0,0.0,0.0,0.0,1.0,0.0,1.0
-2.0815094566500645,1.2296213076390923,2.1135870410488122,0.3799231635348091,2.048741656965093,-1.6141360232496715,0.0,1.0,0.0,0.0,1.0,1.0,0.0,0.0,0.0,0.0,0.0,0.0,0.0,1.0,0.0,0.0,0.0,0.0,1.0,0.0
-0.39245545228450013,0.040096346988231245,0.3470672904774781,0.3799231635348091,-0.47934163551176356,-0.40055117789194583,1.0,0.0,0.0,0.0,1.0,0.0,0.0,0.0,1.0,0.0,0.0,0.0,0.0,0.0,0.0,0.0,0.0,1.0,0.0,1.0
-0.24558119103532064,-0.5546661333371994,-0.7822005884264942,-0.47072241016576966,-0.47934163551176356,0.8130336674657798,1.0,0.0,0.0,0.0,1.0,0.0,1.0,0.0,0.0,0.0,0.0,0.0,0.0,0.0,0.0,0.0,0.0,1.0,0.0,1.0
0.3419158539613974,0.040096346988231245,0.13814965916370786,0.3799231635348091,-0.47934163551176356,-0.40055117789194583,0.0,1.0,0.0,0.0,1.0,0.0,0.0,1.0,0.0,0.0,0.0,0.0,0.0,0.0,0.0,0.0,0.0,1.0,0.0,1.0
-0.6127668441582694,1.8243837879645228,2.6706681080690937,1.2305687372353877,2.048741656965093,-1.6141360232496715,1.0,0.0,1.0,0.0,0.0,0.0,1.0,0.0,0.0,0.0,0.0,0.0,1.0,0.0,0.0,0.0,0.0,0.0,1.0,0.0
-0.09870692978614112,-0.5546661333371994,-0.8024019109872726,-0.47072241016576966,-0.47934163551176356,0.8130336674657798,0.0,1.0,0.0,1.0,0.0,0.0,0.0,1.0,0.0,0.0,0.0,0.0,0.0,0.0,0.0,0.0,0.0,1.0,0.0,1.0
1.2965985520810641,-0.5546661333371994,-0.8650022939791525,-0.47072241016576966,-0.47934163551176356,0.8130336674657798,1.0,0.0,1.0,0.0,0.0,0.0,0.0,0.0,1.0,0.0,0.0,0.0,0.0,0.0,0.0,0.0,0.0,1.0,0.0,1.0
-0.09870692978614112,-0.5546661333371994,-0.7012059848131963,-0.47072241016576966,-0.47934163551176356,0.8130336674657798,0.0,1.0,0.0,0.0,1.0,0.0,0.0,1.0,0.0,0.0,0.0,0.0,0.0,0.0,0.0,0.0,0.0,1.0,0.0,1.0
-0.5393297135336796,-0.5546661333371994,-0.799491399874797,-0.47072241016576966,-0.47934163551176356,0.8130336674657798,1.0,0.0,0.0,0.0,1.0,0.0,1.0,0.0,0.0,0.0,0.0,0.0,0.0,0.0,0.0,0.0,0.0,1.0,0.0,1.0
2.3981555114499105,-0.5546661333371994,1.467798437950069,-0.47072241016576966,-0.47934163551176356,-1.6141360232496715,1.0,0.0,0.0,0.0,1.0,0.0,0.0,0.0,1.0,0.0,0.0,0.0,1.0,0.0,0.0,0.0,0.0,0.0,1.0,0.0
-0.8330782360320387,-0.5546661333371994,-0.5837402737579023,-0.47072241016576966,-0.47934163551176356,0.8130336674657798,1.0,0.0,0.0,0.0,1.0,0.0,1.0,0.0,0.0,0.0,0.0,0.0,0.0,0.0,0.0,0.0,0.0,1.0,0.0,1.0
0.9294128989581154,-0.5546661333371994,2.525877242903418,-0.47072241016576966,-0.47934163551176356,-1.6141360232496715,1.0,0.0,1.0,0.0,0.0,0.0,1.0,0.0,0.0,0.0,0.0,0.0,0.0,0.0,0.0,0.0,0.0,1.0,0.0,1.0
2.0309698583269618,-0.5546661333371994,-0.37143359393707387,-0.47072241016576966,-0.47934163551176356,-0.40055117789194583,0.0,1.0,0.0,1.0,0.0,0.0,0.0,0.0,0.0,1.0,0.0,0.0,0.0,0.0,0.0,0.0,0.0,1.0,0.0,1.0
-0.7596411054074489,-0.5546661333371994,-3.015126151940294,-0.47072241016576966,-0.47934163551176356,0.8130336674657798,0.0,1.0,0.0,0.0,1.0,0.0,0.0,1.0,0.0,0.0,0.0,0.0,0.0,0.0,0.0,0.0,0.0,1.0,0.0,1.0
0.9294128989581154,0.040096346988231245,0.3470672904774781,0.3799231635348091,-0.47934163551176356,-0.40055117789194583,1.0,0.0,0.0,0.0,1.0,0.0,0.0,0.0,1.0,0.0,0.0,0.0,0.0,0.0,0.0,0.0,0.0,1.0,0.0,1.0
-0.09870692978614112,-0.5546661333371994,-0.8655230802337704,-0.47072241016576966,-0.47934163551176356,0.8130336674657798,0.0,1.0,1.0,0.0,0.0,0.0,0.0,1.0,0.0,0.0,0.0,0.0,0.0,0.0,0.0,0.0,0.0,1.0,0.0,1.0
-0.6862039747828591,-0.5546661333371994,-0.7012059848131963,-0.47072241016576966,-0.47934163551176356,0.8130336674657798,1.0,0.0,0.0,0.0,1.0,0.0,1.0,0.0,0.0,0.0,0.0,0.0,0.0,0.0,0.0,0.0,0.0,1.0,0.0,1.0
0.3419158539613974,-0.5546661333371994,-0.9681929077026599,-0.47072241016576966,-0.47934163551176356,0.8130336674657798,0.0,1.0,1.0,0.0,0.0,0.0,0.0,1.0,0.0,0.0,0.0,0.0,0.0,0.0,0.0,0.0,0.0,1.0,0.0,1.0
-0.09870692978614112,-0.5546661333371994,-0.6164095917111074,-0.47072241016576966,-0.47934163551176356,0.8130336674657798,0.0,1.0,0.0,0.0,1.0,0.0,0.0,1.0,0.0,0.0,0.0,0.0,0.0,0.0,0.0,0.0,0.0,1.0,0.0,1.0
-0.09870692978614112,-0.5546661333371994,-0.7680121336586697,-0.47072241016576966,-0.47934163551176356,0.8130336674657798,0.0,1.0,0.0,0.0,1.0,0.0,0.0,1.0,0.0,0.0,0.0,0.0,0.0,0.0,0.0,0.0,0.0,1.0,0.0,1.0
-0.46589258290908986,-0.5546661333371994,-0.7855436396344988,-0.47072241016576966,-0.47934163551176356,0.8130336674657798,0.0,1.0,0.0,0.0,1.0,0.0,0.0,1.0,0.0,0.0,0.0,0.0,0.0,0.0,0.0,0.0,0.0,1.0,0.0,1.0
-0.5393297135336796,-0.5546661333371994,-0.8624270734479169,-0.47072241016576966,-0.47934163551176356,0.8130336674657798,0.0,1.0,0.0,0.0,1.0,0.0,0.0,1.0,0.0,0.0,0.0,0.0,0.0,0.0,0.0,0.0,0.0,1.0,0.0,1.0
1.6637842052040128,-0.5546661333371994,0.5043215557614832,-0.47072241016576966,-0.47934163551176356,-1.6141360232496715,0.0,1.0,0.0,0.0,1.0,0.0,0.0,0.0,0.0,1.0,0.0,0.0,0.0,1.0,0.0,0.0,0.0,0.0,1.0,0.0
0.04816733146303837,-0.5546661333371994,-0.36192622360374066,-0.47072241016576966,-0.47934163551176356,0.8130336674657798,1.0,0.0,0.0,0.0,1.0,0.0,1.0,0.0,0.0,0.0,0.0,0.0,0.0,0.0,0.0,0.0,0.0,1.0,0.0,1.0
0.48879011521057686,0.6348588273136618,0.3470672904774781,-0.47072241016576966,2.048741656965093,-0.40055117789194583,0.0,1.0,0.0,0.0,1.0,0.0,0.0,1.0,0.0,0.0,0.0,0.0,0.0,0.0,0.0,0.0,1.0,0.0,1.0,0.0
-0.09870692978614112,-0.5546661333371994,-0.8024019109872726,-0.47072241016576966,-0.47934163551176356,0.8130336674657798,0.0,1.0,0.0,1.0,0.0,0.0,0.0,1.0,0.0,0.0,0.0,0.0,0.0,0.0,0.0,0.0,0.0,1.0,0.0,1.0
-0.5393297135336796,-0.5546661333371994,-0.8650022939791525,-0.47072241016576966,-0.47934163551176356,0.8130336674657798,0.0,1.0,1.0,0.0,0.0,0.0,0.0,1.0,0.0,0.0,0.0,0.0,0.0,0.0,0.0,0.0,0.0,1.0,0.0,1.0
1.5169099439548335,0.6348588273136618,1.98626052056584,1.2305687372353877,-0.47934163551176356,-1.6141360232496715,0.0,1.0,0.0,0.0,1.0,0.0,0.0,0.0,0.0,1.0,0.0,0.0,0.0,0.0,0.0,0.0,0.0,1.0,0.0,1.0
-0.17214406041073088,-0.5546661333371994,-0.8970111804185843,-0.47072241016576966,-0.47934163551176356,0.8130336674657798,0.0,1.0,0.0,0.0,1.0,0.0,0.0,1.0,0.0,0.0,0.0,0.0,0.0,0.0,0.0,0.0,0.0,1.0,0.0,1.0
-0.5393297135336796,-0.5546661333371994,-0.7680121336586697,-0.47072241016576966,-0.47934163551176356,0.8130336674657798,0.0,1.0,0.0,0.0,1.0,0.0,0.0,1.0,0.0,0.0,0.0,0.0,0.0,0.0,0.0,0.0,0.0,1.0,0.0,1.0
1.590347074579423,0.040096346988231245,1.441755155530623,0.3799231635348091,-0.47934163551176356,-1.6141360232496715,1.0,0.0,0.0,0.0,1.0,0.0,0.0,0.0,1.0,0.0,0.0,0.0,0.0,0.0,1.0,0.0,0.0,0.0,1.0,0.0
0.48879011521057686,-0.5546661333371994,-0.52360623749073,-0.47072241016576966,-0.47934163551176356,-0.40055117789194583,0.0,1.0,0.0,0.0,1.0,0.0,0.0,1.0,0.0,0.0,0.0,0.0,0.0,0.0,0.0,0.0,0.0,1.0,0.0,1.0
-0.02526979916155138,0.040096346988231245,0.3470672904774781,0.3799231635348091,-0.47934163551176356,-0.40055117789194583,1.0,0.0,0.0,0.0,1.0,0.0,0.0,0.0,1.0,0.0,0.0,0.0,0.0,0.0,0.0,0.0,0.0,1.0,0.0,1.0
-0.5393297135336796,-0.5546661333371994,2.1135870410488122,-0.47072241016576966,-0.47934163551176356,-1.6141360232496715,1.0,0.0,0.0,0.0,1.0,0.0,1.0,0.0,0.0,0.0,0.0,0.0,0.0,0.0,0.0,0.0,0.0,1.0,0.0,1.0
1.5169099439548335,0.040096346988231245,1.7558267680430824,0.3799231635348091,-0.47934163551176356,-1.6141360232496715,0.0,1.0,1.0,0.0,0.0,0.0,0.0,1.0,0.0,0.0,0.0,0.0,0.0,1.0,0.0,0.0,0.0,0.0,1.0,0.0
0.7825386377089358,-0.5546661333371994,-0.3229354857942215,-0.47072241016576966,-0.47934163551176356,-0.40055117789194583,1.0,0.0,0.0,0.0,1.0,0.0,1.0,0.0,0.0,0.0,0.0,0.0,0.0,0.0,0.0,0.0,0.0,1.0,0.0,1.0
-0.17214406041073088,-0.5546661333371994,-0.7012059848131963,-0.47072241016576966,-0.47934163551176356,0.8130336674657798,0.0,1.0,0.0,0.0,1.0,0.0,0.0,1.0,0.0,0.0,0.0,0.0,0.0,0.0,0.0,0.0,0.0,1.0,0.0,1.0
1.1497242908318845,-0.5546661333371994,-3.015126151940294,-0.47072241016576966,-0.47934163551176356,-1.6141360232496715,0.0,1.0,0.0,0.0,1.0,0.0,0.0,1.0,0.0,0.0,0.0,0.0,0.0,0.0,0.0,0.0,0.0,1.0,0.0,1.0
2.6184669033236796,-0.5546661333371994,0.3676389646316987,-0.47072241016576966,-0.47934163551176356,-1.6141360232496715,0.0,1.0,0.0,0.0,1.0,0.0,0.0,1.0,0.0,0.0,0.0,0.0,0.0,0.0,0.0,1.0,0.0,0.0,1.0,0.0
-0.9065153666566284,-0.5546661333371994,-0.7012059848131963,-0.47072241016576966,-0.47934163551176356,0.8130336674657798,0.0,1.0,0.0,0.0,1.0,0.0,0.0,1.0,0.0,0.0,0.0,0.0,0.0,0.0,0.0,0.0,0.0,1.0,0.0,1.0
-0.09870692978614112,-0.5546661333371994,0.3676389646316987,-0.47072241016576966,-0.47934163551176356,-1.6141360232496715,0.0,1.0,0.0,0.0,1.0,0.0,0.0,1.0,0.0,0.0,0.0,0.0,0.0,1.0,0.0,0.0,0.0,0.0,1.0,0.0
-1.8611980647762951,0.6348588273136618,1.4909378855686823,-0.47072241016576966,2.048741656965093,-1.6141360232496715,0.0,1.0,0.0,0.0,1.0,1.0,0.0,0.0,0.0,0.0,0.0,1.0,0.0,0.0,0.0,0.0,0.0,0.0,1.0,0.0
-0.09870692978614112,-0.5546661333371994,-0.7855436396344988,-0.47072241016576966,-0.47934163551176356,0.8130336674657798,0.0,1.0,0.0,0.0,1.0,0.0,0.0,1.0,0.0,0.0,0.0,0.0,0.0,0.0,0.0,0.0,0.0,1.0,0.0,1.0
-2.0815094566500645,0.6348588273136618,-0.4689202461031531,0.3799231635348091,0.7847000107266648,0.8130336674657798,1.0,0.0,0.0,0.0,1.0,0.0,1.0,0.0,0.0,0.0,0.0,0.0,0.0,0.0,0.0,0.0,0.0,1.0,0.0,1.0
0.48879011521057686,1.2296213076390923,0.41113259070569524,0.3799231635348091,2.048741656965093,-0.40055117789194583,0.0,1.0,0.0,0.0,1.0,0.0,0.0,1.0,0.0,0.0,0.0,0.0,0.0,0.0,0.0,0.0,0.0,1.0,0.0,1.0
1.0028500295827052,0.6348588273136618,0.35646950867414806,0.3799231635348091,0.7847000107266648,-0.40055117789194583,0.0,1.0,0.0,0.0,1.0,0.0,0.0,1.0,0.0,0.0,0.0,0.0,0.0,0.0,0.0,0.0,0.0,1.0,0.0,1.0
0.6356643764597564,0.040096346988231245,2.1262968197435037,-0.47072241016576966,0.7847000107266648,-1.6141360232496715,0.0,1.0,0.0,0.0,1.0,0.0,0.0,1.0,0.0,0.0,0.0,0.0,0.0,1.0,0.0,0.0,0.0,0.0,1.0,0.0
0.12160446208762812,0.6348588273136618,0.35646950867414806,0.3799231635348091,0.7847000107266648,-0.40055117789194583,1.0,0.0,0.0,0.0,1.0,0.0,0.0,0.0,1.0,0.0,0.0,0.0,0.0,0.0,0.0,0.0,0.0,1.0,0.0,1.0
-0.02526979916155138,-0.5546661333371994,-0.7680121336586697,-0.47072241016576966,-0.47934163551176356,0.8130336674657798,0.0,1.0,0.0,0.0,1.0,0.0,0.0,1.0,0.0,0.0,0.0,0.0,0.0,0.0,0.0,0.0,0.0,1.0,0.0,1.0
-0.8330782360320387,-0.5546661333371994,-0.7402138618176644,-0.47072241016576966,-0.47934163551176356,0.8130336674657798,0.0,1.0,0.0,0.0,1.0,0.0,0.0,1.0,0.0,0.0,0.0,0.0,0.0,0.0,0.0,0.0,0.0,1.0,0.0,1.0
-0.02526979916155138,-0.5546661333371994,-0.18353269888823057,-0.47072241016576966,-0.47934163551176356,-0.40055117789194583,0.0,1.0,1.0,0.0,0.0,0.0,0.0,1.0,0.0,0.0,0.0,0.0,0.0,0.0,0.0,0.0,0.0,1.0,0.0,1.0
0.7091015070843462,0.6348588273136618,1.7973088975062739,0.3799231635348091,0.7847000107266648,-1.6141360232496715,1.0,0.0,1.0,0.0,0.0,0.0,0.0,0.0,1.0,0.0,0.0,0.0,0.0,1.0,0.0,0.0,0.0,0.0,1.0,0.0
0.7091015070843462,-0.5546661333371994,-0.3229354857942215,-0.47072241016576966,-0.47934163551176356,-0.40055117789194583,0.0,1.0,0.0,0.0,1.0,0.0,0.0,1.0,0.0,0.0,0.0,0.0,0.0,0.0,0.0,0.0,0.0,1.0,0.0,1.0
-0.24558119103532064,0.6348588273136618,-0.7012059848131963,1.2305687372353877,-0.47934163551176356,0.8130336674657798,0.0,1.0,0.0,0.0,1.0,0.0,0.0,1.0,0.0,0.0,0.0,0.0,0.0,0.0,0.0,0.0,0.0,1.0,0.0,1.0
-0.6862039747828591,-0.5546661333371994,-0.8874622796252972,-0.47072241016576966,-0.47934163551176356,0.8130336674657798,0.0,1.0,0.0,0.0,1.0,0.0,0.0,1.0,0.0,0.0,0.0,0.0,0.0,0.0,0.0,0.0,0.0,1.0,0.0,1.0
0.41535298458598713,0.040096346988231245,1.98626052056584,0.3799231635348091,-0.47934163551176356,-1.6141360232496715,1.0,0.0,0.0,0.0,1.0,0.0,0.0,0.0,1.0,0.0,0.0,0.0,0.0,0.0,0.0,0.0,0.0,1.0,0.0,1.0
1.4434728133302437,-0.5546661333371994,-3.015126151940294,-0.47072241016576966,-0.47934163551176356,0.8130336674657798,0.0,1.0,0.0,0.0,1.0,0.0,0.0,1.0,0.0,0.0,0.0,0.0,0.0,0.0,0.0,0.0,0.0,1.0,0.0,1.0
-0.46589258290908986,-0.5546661333371994,-0.18379968463258145,-0.47072241016576966,-0.47934163551176356,-0.40055117789194583,0.0,1.0,1.0,0.0,0.0,0.0,0.0,1.0,0.0,0.0,0.0,0.0,0.0,0.0,0.0,0.0,0.0,1.0,0.0,1.0
-2.0815094566500645,2.4191462682899534,0.7654077524406184,2.931859884636545,0.7847000107266648,0.8130336674657798,0.0,1.0,0.0,0.0,1.0,1.0,0.0,0.0,0.0,0.0,0.0,0.0,0.0,0.0,0.0,0.0,0.0,1.0,0.0,1.0
-0.5393297135336796,-0.5546661333371994,-0.7874490371300598,-0.47072241016576966,-0.47934163551176356,0.8130336674657798,1.0,0.0,0.0,1.0,0.0,0.0,1.0,0.0,0.0,0.0,0.0,0.0,0.0,0.0,0.0,0.0,0.0,1.0,0.0,1.0
-0.24558119103532064,1.2296213076390923,0.24586326797402766,0.3799231635348091,2.048741656965093,0.8130336674657798,0.0,1.0,0.0,0.0,1.0,0.0,0.0,1.0,0.0,0.0,0.0,0.0,0.0,0.0,0.0,0.0,0.0,1.0,0.0,1.0
-1.934635195400885,0.6348588273136618,0.3470672904774781,0.3799231635348091,0.7847000107266648,-0.40055117789194583,0.0,1.0,0.0,0.0,1.0,1.0,0.0,0.0,0.0,0.0,0.0,0.0,0.0,0.0,0.0,0.0,1.0,0.0,1.0,0.0
-1.8611980647762951,0.6348588273136618,-0.4689202461031531,0.3799231635348091,0.7847000107266648,0.8130336674657798,0.0,1.0,0.0,0.0,1.0,1.0,0.0,0.0,0.0,0.0,0.0,0.0,0.0,0.0,0.0,0.0,0.0,1.0,0.0,1.0
-0.7596411054074489,-0.5546661333371994,-0.8141277119601591,-0.47072241016576966,-0.47934163551176356,0.8130336674657798,0.0,1.0,0.0,0.0,1.0,0.0,0.0,1.0,0.0,0.0,0.0,0.0,0.0,0.0,0.0,0.0,1.0,0.0,1.0,0.0
0.7825386377089358,-0.5546661333371994,-0.8024019109872726,-0.47072241016576966,-0.47934163551176356,0.8130336674657798,0.0,1.0,0.0,1.0,0.0,0.0,0.0,1.0,0.0,0.0,0.0,0.0,0.0,0.0,0.0,0.0,0.0,1.0,0.0,1.0
-2.0815094566500645,0.6348588273136618,-0.14048942924167343,-0.47072241016576966,2.048741656965093,0.8130336674657798,1.0,0.0,1.0,0.0,0.0,0.0,1.0,0.0,0.0,0.0,0.0,0.0,0.0,0.0,0.0,0.0,0.0,1.0,0.0,1.0
-0.17214406041073088,0.6348588273136618,-0.17116300515672123,-0.47072241016576966,2.048741656965093,0.8130336674657798,1.0,0.0,1.0,0.0,0.0,0.0,0.0,0.0,1.0,0.0,0.0,0.0,0.0,0.0,0.0,0.0,0.0,1.0,0.0,1.0
-0.6127668441582694,-0.5546661333371994,-0.7822005884264942,-0.47072241016576966,-0.47934163551176356,0.8130336674657798,0.0,1.0,0.0,0.0,1.0,0.0,0.0,1.0,0.0,0.0,0.0,0.0,0.0,0.0,0.0,0.0,0.0,1.0,0.0,1.0
1.8106584664531924,-0.5546661333371994,1.032451435339162,-0.47072241016576966,-0.47934163551176356,-1.6141360232496715,0.0,1.0,0.0,0.0,1.0,0.0,0.0,1.0,0.0,0.0,0.0,0.0,0.0,0.0,0.0,1.0,0.0,0.0,1.0,0.0
-0.09870692978614112,-0.5546661333371994,-0.1553244467531785,-0.47072241016576966,-0.47934163551176356,0.8130336674657798,0.0,1.0,0.0,1.0,0.0,0.0,0.0,1.0,0.0,0.0,0.0,0.0,0.0,0.0,0.0,0.0,0.0,1.0,0.0,1.0
-0.3190183216599104,1.2296213076390923,0.8117676673823178,0.3799231635348091,2.048741656965093,-0.40055117789194583,0.0,1.0,1.0,0.0,0.0,0.0,0.0,1.0,0.0,0.0,0.0,0.0,0.0,0.0,0.0,0.0,0.0,1.0,0.0,1.0
-0.24558119103532064,0.040096346988231245,-0.22212234643632833,0.3799231635348091,-0.47934163551176356,0.8130336674657798,0.0,1.0,1.0,0.0,0.0,0.0,0.0,1.0,0.0,0.0,0.0,0.0,0.0,0.0,0.0,0.0,0.0,1.0,0.0,1.0
-0.5393297135336796,-0.5546661333371994,-0.5221259008956952,-0.47072241016576966,-0.47934163551176356,0.8130336674657798,1.0,0.0,0.0,0.0,1.0,0.0,1.0,0.0,0.0,0.0,0.0,0.0,0.0,0.0,0.0,0.0,0.0,1.0,0.0,1.0
0.12160446208762812,0.6348588273136618,0.1158827951273601,0.3799231635348091,0.7847000107266648,0.8130336674657798,1.0,0.0,0.0,0.0,1.0,0.0,0.0,0.0,1.0,0.0,0.0,0.0,0.0,0.0,0.0,0.0,0.0,1.0,0.0,1.0
1.4434728133302437,0.040096346988231245,1.5764606292416052,0.3799231635348091,-0.47934163551176356,-1.6141360232496715,0.0,1.0,1.0,0.0,0.0,0.0,0.0,1.0,0.0,0.0,0.0,0.0,0.0,1.0,0.0,0.0,0.0,0.0,1.0,0.0
-0.7596411054074489,0.6348588273136618,0.6889635989266353,0.3799231635348091,0.7847000107266648,-0.40055117789194583,0.0,1.0,0.0,0.0,1.0,0.0,0.0,1.0,0.0,0.0,0.0,0.0,0.0,0.0,0.0,0.0,0.0,1.0,0.0,1.0
-0.39245545228450013,-0.5546661333371994,-0.52360623749073,-0.47072241016576966,-0.47934163551176356,-0.40055117789194583,0.0,1.0,0.0,0.0,1.0,0.0,0.0,1.0,0.0,0.0,0.0,0.0,0.0,0.0,0.0,0.0,0.0,1.0,0.0,1.0
-0.9799524972812181,-0.5546661333371994,-0.7680121336586697,-0.47072241016576966,-0.47934163551176356,0.8130336674657798,0.0,1.0,0.0,0.0,1.0,0.0,0.0,1.0,0.0,0.0,0.0,0.0,0.0,0.0,0.0,0.0,0.0,1.0,0.0,1.0
-0.3190183216599104,0.040096346988231245,1.0992845034790615,0.3799231635348091,-0.47934163551176356,-1.6141360232496715,0.0,1.0,1.0,0.0,0.0,0.0,0.0,1.0,0.0,0.0,0.0,0.0,0.0,0.0,0.0,1.0,0.0,0.0,1.0,0.0
0.7091015070843462,-0.5546661333371994,0.2746592692781365,-0.47072241016576966,-0.47934163551176356,0.8130336674657798,0.0,1.0,0.0,0.0,1.0,0.0,0.0,1.0,0.0,0.0,0.0,0.0,0.0,0.0,0.0,0.0,0.0,1.0,0.0,1.0
1.2965985520810641,0.040096346988231245,-0.21910355439909165,0.3799231635348091,-0.47934163551176356,0.8130336674657798,1.0,0.0,0.0,0.0,1.0,0.0,0.0,0.0,1.0,0.0,0.0,0.0,0.0,0.0,0.0,0.0,0.0,1.0,0.0,1.0
2.251281250200731,-0.5546661333371994,0.3676389646316987,-0.47072241016576966,-0.47934163551176356,-1.6141360232496715,0.0,1.0,0.0,0.0,1.0,0.0,0.0,0.0,0.0,1.0,0.0,0.0,0.0,0.0,0.0,0.0,0.0,1.0,0.0,1.0
-0.39245545228450013,-0.5546661333371994,-0.3229354857942215,-0.47072241016576966,-0.47934163551176356,-0.40055117789194583,0.0,1.0,0.0,0.0,1.0,0.0,0.0,1.0,0.0,0.0,0.0,0.0,0.0,0.0,0.0,0.0,0.0,1.0,0.0,1.0
1.1497242908318845,-0.5546661333371994,0.9958607070975499,-0.47072241016576966,-0.47934163551176356,-1.6141360232496715,0.0,1.0,0.0,0.0,1.0,0.0,0.0,1.0,0.0,0.0,0.0,1.0,0.0,0.0,0.0,0.0,0.0,0.0,1.0,0.0
-0.17214406041073088,0.040096346988231245,0.13814965916370786,0.3799231635348091,-0.47934163551176356,-0.40055117789194583,1.0,0.0,0.0,0.0,1.0,0.0,0.0,0.0,1.0,0.0,0.0,0.0,0.0,0.0,0.0,0.0,0.0,1.0,0.0,1.0
-0.02526979916155138,-0.5546661333371994,-0.2619478964034776,-0.47072241016576966,-0.47934163551176356,-0.40055117789194583,0.0,1.0,1.0,0.0,0.0,0.0,0.0,1.0,0.0,0.0,0.0,0.0,0.0,0.0,0.0,0.0,0.0,1.0,0.0,1.0
0.6356643764597564,-0.5546661333371994,-0.7855436396344988,-0.47072241016576966,-0.47934163551176356,0.8130336674657798,0.0,1.0,0.0,0.0,1.0,0.0,0.0,1.0,0.0,0.0,0.0,0.0,0.0,0.0,0.0,0.0,0.0,1.0,0.0,1.0
1.076287160207295,-0.5546661333371994,-0.7680121336586697,-0.47072241016576966,-0.47934163551176356,0.8130336674657798,0.0,1.0,0.0,0.0,1.0,0.0,0.0,1.0,0.0,0.0,0.0,0.0,0.0,0.0,0.0,0.0,0.0,1.0,0.0,1.0
-0.6127668441582694,-0.5546661333371994,-0.52360623749073,-0.47072241016576966,-0.47934163551176356,-0.40055117789194583,1.0,0.0,0.0,0.0,1.0,0.0,1.0,0.0,0.0,0.0,0.0,0.0,0.0,0.0,0.0,0.0,0.0,1.0,0.0,1.0
-0.39245545228450013,0.6348588273136618,-0.08370673394230202,-0.47072241016576966,2.048741656965093,0.8130336674657798,1.0,0.0,0.0,0.0,1.0,0.0,0.0,0.0,1.0,0.0,0.0,0.0,0.0,0.0,0.0,0.0,1.0,0.0,1.0,0.0
1.1497242908318845,-0.5546661333371994,-0.28713765654720713,-0.47072241016576966,-0.47934163551176356,-0.40055117789194583,1.0,0.0,0.0,0.0,1.0,0.0,0.0,0.0,1.0,0.0,0.0,0.0,0.0,0.0,0.0,0.0,0.0,1.0,0.0,1.0
-1.5674495422779362,0.6348588273136618,0.6889635989266353,0.3799231635348091,0.7847000107266648,-0.40055117789194583,0.0,1.0,0.0,0.0,1.0,1.0,0.0,0.0,0.0,0.0,0.0,0.0,0.0,0.0,0.0,0.0,0.0,1.0,0.0,1.0
-1.5674495422779362,1.8243837879645228,0.1416214723374965,2.0812143109359664,0.7847000107266648,0.8130336674657798,1.0,0.0,0.0,0.0,1.0,0.0,1.0,0.0,0.0,0.0,0.0,0.0,0.0,0.0,0.0,0.0,0.0,1.0,0.0,1.0
1.1497242908318845,-0.5546661333371994,0.640541396394364,-0.47072241016576966,-0.47934163551176356,-1.6141360232496715,0.0,1.0,0.0,0.0,1.0,0.0,0.0,1.0,0.0,0.0,0.0,0.0,0.0,1.0,0.0,0.0,0.0,0.0,1.0,0.0
0.19504159271221788,-0.5546661333371994,-0.7680121336586697,-0.47072241016576966,-0.47934163551176356,0.8130336674657798,0.0,1.0,0.0,0.0,1.0,0.0,0.0,1.0,0.0,0.0,0.0,0.0,0.0,0.0,0.0,1.0,0.0,0.0,1.0,0.0
1.5169099439548335,0.040096346988231245,1.1075344187272271,0.3799231635348091,-0.47934163551176356,-1.6141360232496715,0.0,1.0,0.0,0.0,1.0,0.0,0.0,1.0,0.0,0.0,0.0,0.0,0.0,0.0,0.0,1.0,0.0,0.0,1.0,0.0
-0.6127668441582694,-0.5546661333371994,-0.7965891690327174,-0.47072241016576966,-0.47934163551176356,0.8130336674657798,0.0,1.0,0.0,0.0,1.0,0.0,0.0,1.0,0.0,0.0,0.0,0.0,0.0,0.0,0.0,0.0,0.0,1.0,0.0,1.0
1.5169099439548335,-0.5546661333371994,-0.52360623749073,-0.47072241016576966,-0.47934163551176356,-0.40055117789194583,1.0,0.0,0.0,0.0,1.0,0.0,1.0,0.0,0.0,0.0,0.0,0.0,0.0,0.0,0.0,0.0,0.0,1.0,0.0,1.0
-0.46589258290908986,-0.5546661333371994,-0.7822005884264942,-0.47072241016576966,-0.47934163551176356,0.8130336674657798,1.0,0.0,0.0,0.0,1.0,0.0,1.0,0.0,0.0,0.0,0.0,0.0,0.0,0.0,0.0,0.0,0.0,1.0,0.0,1.0
0.19504159271221788,-0.5546661333371994,-0.7903253443490756,-0.47072241016576966,-0.47934163551176356,0.8130336674657798,0.0,1.0,0.0,0.0,1.0,0.0,0.0,1.0,0.0,0.0,0.0,0.0,0.0,0.0,0.0,0.0,0.0,1.0,0.0,1.0
-0.5393297135336796,-0.5546661333371994,-0.8024019109872726,-0.47072241016576966,-0.47934163551176356,0.8130336674657798,1.0,0.0,0.0,1.0,0.0,0.0,1.0,0.0,0.0,0.0,0.0,0.0,0.0,0.0,0.0,0.0,0.0,1.0,0.0,1.0
-0.6127668441582694,1.8243837879645228,0.6226752050128669,1.2305687372353877,2.048741656965093,0.8130336674657798,1.0,0.0,0.0,0.0,1.0,0.0,1.0,0.0,0.0,0.0,0.0,0.0,0.0,0.0,0.0,0.0,0.0,1.0,0.0,1.0
-0.09870692978614112,-0.5546661333371994,-0.8024019109872726,-0.47072241016576966,-0.47934163551176356,0.8130336674657798,0.0,1.0,0.0,1.0,0.0,0.0,0.0,1.0,0.0,0.0,0.0,0.0,0.0,0.0,0.0,0.0,0.0,1.0,0.0,1.0
-0.3190183216599104,-0.5546661333371994,-0.8655230802337704,-0.47072241016576966,-0.47934163551176356,0.8130336674657798,0.0,1.0,1.0,0.0,0.0,0.0,0.0,1.0,0.0,0.0,0.0,0.0,0.0,0.0,0.0,0.0,0.0,1.0,0.0,1.0
-1.053389627905808,0.6348588273136618,-0.8650022939791525,0.3799231635348091,0.7847000107266648,0.8130336674657798,0.0,1.0,1.0,0.0,0.0,0.0,0.0,1.0,0.0,0.0,0.0,0.0,0.0,0.0,0.0,0.0,0.0,1.0,0.0,1.0
0.12160446208762812,0.040096346988231245,-0.0114054491754864,0.3799231635348091,-0.47934163551176356,0.8130336674657798,1.0,0.0,0.0,0.0,1.0,0.0,0.0,0.0,1.0,0.0,0.0,0.0,0.0,0.0,0.0,0.0,0.0,1.0,0.0,1.0
-0.3190183216599104,-0.5546661333371994,-0.3229354857942215,-0.47072241016576966,-0.47934163551176356,-0.40055117789194583,0.0,1.0,0.0,0.0,1.0,0.0,0.0,1.0,0.0,0.0,0.0,0.0,0.0,0.0,0.0,0.0,0.0,1.0,0.0,1.0
1.8106584664531924,-0.5546661333371994,0.3470672904774781,-0.47072241016576966,-0.47934163551176356,-0.40055117789194583,0.0,1.0,0.0,0.0,1.0,0.0,0.0,1.0,0.0,0.0,0.0,0.0,0.0,0.0,0.0,0.0,0.0,1.0,0.0,1.0
-0.09870692978614112,-0.5546661333371994,0.9361385695768834,-0.47072241016576966,-0.47934163551176356,-1.6141360232496715,0.0,1.0,0.0,0.0,1.0,0.0,0.0,1.0,0.0,0.0,0.0,0.0,0.0,0.0,0.0,0.0,0.0,1.0,0.0,1.0
0.6356643764597564,-0.5546661333371994,1.467798437950069,-0.47072241016576966,-0.47934163551176356,-1.6141360232496715,1.0,0.0,0.0,0.0,1.0,0.0,1.0,0.0,0.0,0.0,0.0,0.0,1.0,0.0,0.0,0.0,0.0,0.0,1.0,0.0
0.8559757683335256,0.040096346988231245,0.0661103164840757,-0.47072241016576966,0.7847000107266648,-0.40055117789194583,1.0,0.0,0.0,0.0,1.0,0.0,0.0,0.0,1.0,0.0,0.0,0.0,0.0,0.0,0.0,0.0,0.0,1.0,0.0,1.0
0.2684787233368076,-0.5546661333371994,-0.7012059848131963,-0.47072241016576966,-0.47934163551176356,0.8130336674657798,0.0,1.0,1.0,0.0,0.0,0.0,0.0,1.0,0.0,0.0,0.0,0.0,0.0,0.0,0.0,0.0,0.0,1.0,0.0,1.0
1.6637842052040128,-0.5546661333371994,-0.28713765654720713,-0.47072241016576966,-0.47934163551176356,-0.40055117789194583,0.0,1.0,0.0,0.0,1.0,0.0,0.0,1.0,0.0,0.0,0.0,0.0,0.0,0.0,0.0,0.0,0.0,1.0,0.0,1.0
-0.9799524972812181,0.6348588273136618,0.10276576112664627,0.3799231635348091,0.7847000107266648,0.8130336674657798,0.0,1.0,0.0,0.0,1.0,0.0,0.0,1.0,0.0,0.0,0.0,0.0,0.0,0.0,0.0,0.0,0.0,1.0,0.0,1.0
-0.6862039747828591,-0.5546661333371994,-0.7680121336586697,-0.47072241016576966,-0.47934163551176356,0.8130336674657798,0.0,1.0,0.0,0.0,1.0,0.0,0.0,1.0,0.0,0.0,0.0,0.0,0.0,0.0,0.0,0.0,0.0,1.0,0.0,1.0
-1.4940124116533464,3.013908748615384,0.5326659638089819,2.931859884636545,2.048741656965093,0.8130336674657798,0.0,1.0,0.0,0.0,1.0,1.0,0.0,0.0,0.0,0.0,0.0,0.0,0.0,0.0,0.0,0.0,0.0,1.0,0.0,1.0
-0.09870692978614112,-0.5546661333371994,-0.7609912287748669,-0.47072241016576966,-0.47934163551176356,0.8130336674657798,0.0,1.0,0.0,0.0,1.0,0.0,0.0,1.0,0.0,0.0,0.0,0.0,0.0,0.0,0.0,0.0,0.0,1.0,0.0,1.0
-0.09870692978614112,-0.5546661333371994,-0.7932097843679099,-0.47072241016576966,-0.47934163551176356,0.8130336674657798,0.0,1.0,0.0,1.0,0.0,0.0,0.0,1.0,0.0,0.0,0.0,0.0,0.0,0.0,0.0,0.0,0.0,1.0,0.0,1.0
-0.09870692978614112,-0.5546661333371994,-0.7855436396344988,-0.47072241016576966,-0.47934163551176356,0.8130336674657798,0.0,1.0,0.0,0.0,1.0,0.0,0.0,1.0,0.0,0.0,0.0,0.0,0.0,0.0,0.0,0.0,0.0,1.0,0.0,1.0
1.8106584664531924,0.040096346988231245,1.1684300241196868,0.3799231635348091,-0.47934163551176356,-1.6141360232496715,1.0,0.0,1.0,0.0,0.0,0.0,0.0,0.0,1.0,0.0,0.0,0.0,0.0,0.0,0.0,0.0,0.0,1.0,0.0,1.0
-0.24558119103532064,-0.5546661333371994,-0.7855436396344988,-0.47072241016576966,-0.47934163551176356,0.8130336674657798,0.0,1.0,0.0,0.0,1.0,0.0,0.0,1.0,0.0,0.0,0.0,0.0,0.0,0.0,0.0,0.0,0.0,1.0,0.0,1.0
2.251281250200731,0.6348588273136618,1.4576729607483656,0.3799231635348091,0.7847000107266648,-1.6141360232496715,0.0,1.0,1.0,0.0,0.0,0.0,0.0,1.0,0.0,0.0,0.0,0.0,1.0,0.0,0.0,0.0,0.0,0.0,1.0,0.0
-0.09870692978614112,-0.5546661333371994,1.1181607005832248,-0.47072241016576966,-0.47934163551176356,0.8130336674657798,0.0,1.0,0.0,0.0,1.0,0.0,0.0,1.0,0.0,0.0,0.0,0.0,0.0,0.0,0.0,0.0,0.0,1.0,0.0,1.0
1.076287160207295,0.040096346988231245,1.1441464964937371,-0.47072241016576966,0.7847000107266648,-1.6141360232496715,1.0,0.0,1.0,0.0,0.0,0.0,0.0,0.0,1.0,0.0,0.0,0.0,1.0,0.0,0.0,0.0,0.0,0.0,1.0,0.0
-0.6862039747828591,0.040096346988231245,-0.7822005884264942,0.3799231635348091,-0.47934163551176356,0.8130336674657798,0.0,1.0,0.0,0.0,1.0,0.0,0.0,1.0,0.0,0.0,0.0,0.0,0.0,0.0,0.0,0.0,0.0,1.0,0.0,1.0
-2.0080723260254745,1.8243837879645228,0.32671611064082623,2.0812143109359664,0.7847000107266648,0.8130336674657798,0.0,1.0,0.0,0.0,1.0,1.0,0.0,0.0,0.0,0.0,0.0,0.0,0.0,0.0,0.0,0.0,0.0,1.0,0.0,1.0
-0.9799524972812181,-0.5546661333371994,-0.52360623749073,-0.47072241016576966,-0.47934163551176356,-0.40055117789194583,0.0,1.0,0.0,0.0,1.0,0.0,0.0,1.0,0.0,0.0,0.0,0.0,0.0,0.0,0.0,0.0,0.0,1.0,0.0,1.0
1.0028500295827052,3.6086712289408145,0.9318880073734521,0.3799231635348091,7.104908241918808,0.8130336674657798,1.0,0.0,0.0,0.0,1.0,0.0,0.0,0.0,1.0,0.0,0.0,0.0,0.0,0.0,0.0,0.0,0.0,1.0,0.0,1.0
-0.9065153666566284,-0.5546661333371994,-0.7012059848131963,-0.47072241016576966,-0.47934163551176356,0.8130336674657798,0.0,1.0,0.0,0.0,1.0,0.0,0.0,1.0,0.0,0.0,0.0,0.0,0.0,0.0,0.0,0.0,0.0,1.0,0.0,1.0
0.5622272458351666,0.6348588273136618,1.0457131930702301,0.3799231635348091,0.7847000107266648,-1.6141360232496715,0.0,1.0,0.0,0.0,1.0,0.0,0.0,1.0,0.0,0.0,0.0,0.0,0.0,0.0,1.0,0.0,0.0,0.0,1.0,0.0
2.3981555114499105,-0.5546661333371994,-0.52360623749073,-0.47072241016576966,-0.47934163551176356,-0.40055117789194583,0.0,1.0,0.0,0.0,1.0,0.0,0.0,1.0,0.0,0.0,0.0,0.0,0.0,0.0,0.0,0.0,0.0,1.0,0.0,1.0
-1.5674495422779362,2.4191462682899534,0.45879080236848147,2.931859884636545,0.7847000107266648,0.8130336674657798,0.0,1.0,0.0,1.0,0.0,1.0,0.0,0.0,0.0,0.0,0.0,0.0,0.0,0.0,0.0,0.0,0.0,1.0,0.0,1.0
0.19504159271221788,-0.5546661333371994,1.1181607005832248,-0.47072241016576966,-0.47934163551176356,0.8130336674657798,0.0,1.0,0.0,0.0,1.0,0.0,0.0,1.0,0.0,0.0,0.0,0.0,0.0,0.0,0.0,0.0,0.0,1.0,0.0,1.0
-0.6862039747828591,0.040096346988231245,-0.5853128466035701,0.3799231635348091,-0.47934163551176356,0.8130336674657798,1.0,0.0,0.0,0.0,1.0,0.0,1.0,0.0,0.0,0.0,0.0,0.0,0.0,0.0,0.0,0.0,0.0,1.0,0.0,1.0
-0.09870692978614112,-0.5546661333371994,-0.3229354857942215,-0.47072241016576966,-0.47934163551176356,-0.40055117789194583,1.0,0.0,0.0,0.0,1.0,0.0,1.0,0.0,0.0,0.0,0.0,0.0,0.0,0.0,0.0,0.0,0.0,1.0,0.0,1.0
-0.6127668441582694,-0.5546661333371994,-0.8024019109872726,-0.47072241016576966,-0.47934163551176356,0.8130336674657798,1.0,0.0,0.0,1.0,0.0,0.0,1.0,0.0,0.0,0.0,0.0,0.0,0.0,0.0,0.0,0.0,0.0,1.0,0.0,1.0
0.5622272458351666,0.6348588273136618,-0.7822005884264942,1.2305687372353877,-0.47934163551176356,0.8130336674657798,0.0,1.0,0.0,0.0,1.0,0.0,0.0,1.0,0.0,0.0,0.0,0.0,0.0,0.0,0.0,0.0,0.0,1.0,0.0,1.0
-0.9065153666566284,-0.5546661333371994,-0.22185174087666482,-0.47072241016576966,-0.47934163551176356,0.8130336674657798,1.0,0.0,1.0,0.0,0.0,0.0,1.0,0.0,0.0,0.0,0.0,0.0,0.0,0.0,0.0,0.0,0.0,1.0,0.0,1.0
-0.5393297135336796,-0.5546661333371994,-0.8024019109872726,-0.47072241016576966,-0.47934163551176356,0.8130336674657798,1.0,0.0,0.0,1.0,0.0,0.0,1.0,0.0,0.0,0.0,0.0,0.0,0.0,0.0,0.0,0.0,0.0,1.0,0.0,1.0
1.2231614214564743,0.040096346988231245,1.1979770518787036,0.3799231635348091,-0.47934163551176356,-1.6141360232496715,0.0,1.0,0.0,0.0,1.0,0.0,0.0,1.0,0.0,0.0,0.0,0.0,0.0,0.0,0.0,1.0,0.0,0.0,1.0,0.0
-0.09870692978614112,-0.5546661333371994,-0.18035965293055928,-0.47072241016576966,-0.47934163551176356,0.8130336674657798,0.0,1.0,0.0,0.0,1.0,0.0,0.0,1.0,0.0,0.0,0.0,0.0,0.0,0.0,0.0,0.0,0.0,1.0,0.0,1.0
-0.39245545228450013,-0.5546661333371994,-0.7680121336586697,-0.47072241016576966,-0.47934163551176356,0.8130336674657798,0.0,1.0,0.0,0.0,1.0,0.0,0.0,1.0,0.0,0.0,0.0,0.0,0.0,0.0,0.0,0.0,0.0,1.0,0.0,1.0
-0.02526979916155138,0.040096346988231245,1.2833163091094877,0.3799231635348091,-0.47934163551176356,-1.6141360232496715,0.0,1.0,0.0,0.0,1.0,0.0,0.0,1.0,0.0,0.0,0.0,0.0,0.0,1.0,0.0,0.0,0.0,0.0,1.0,0.0
1.957532727702372,0.040096346988231245,1.506818944960404,-0.47072241016576966,0.7847000107266648,-1.6141360232496715,1.0,0.0,1.0,0.0,0.0,0.0,0.0,0.0,1.0,0.0,0.0,0.0,0.0,1.0,0.0,0.0,0.0,0.0,1.0,0.0
0.12160446208762812,0.6348588273136618,0.6958099228808682,0.3799231635348091,0.7847000107266648,-0.40055117789194583,0.0,1.0,1.0,0.0,0.0,0.0,0.0,1.0,0.0,0.0,0.0,0.0,0.0,0.0,0.0,0.0,0.0,1.0,0.0,1.0
-0.09870692978614112,-0.5546661333371994,-0.8024019109872726,-0.47072241016576966,-0.47934163551176356,0.8130336674657798,0.0,1.0,0.0,1.0,0.0,0.0,0.0,1.0,0.0,0.0,0.0,0.0,0.0,0.0,0.0,0.0,0.0,1.0,0.0,1.0
0.19504159271221788,0.040096346988231245,0.3470672904774781,0.3799231635348091,-0.47934163551176356,-0.40055117789194583,0.0,1.0,0.0,0.0,1.0,0.0,0.0,1.0,0.0,0.0,0.0,0.0,0.0,0.0,0.0,0.0,0.0,1.0,0.0,1.0
0.2684787233368076,0.6348588273136618,0.1158827951273601,0.3799231635348091,0.7847000107266648,0.8130336674657798,0.0,1.0,0.0,0.0,1.0,0.0,0.0,1.0,0.0,0.0,0.0,0.0,0.0,0.0,0.0,0.0,0.0,1.0,0.0,1.0
2.1778441195761413,-0.5546661333371994,-0.8624270734479169,-0.47072241016576966,-0.47934163551176356,0.8130336674657798,0.0,1.0,0.0,0.0,1.0,0.0,0.0,1.0,0.0,0.0,0.0,0.0,0.0,0.0,0.0,0.0,0.0,1.0,0.0,1.0
2.1044069889515513,-0.5546661333371994,0.3676389646316987,-0.47072241016576966,-0.47934163551176356,-1.6141360232496715,1.0,0.0,0.0,0.0,1.0,0.0,1.0,0.0,0.0,0.0,0.0,0.0,0.0,1.0,0.0,0.0,0.0,0.0,1.0,0.0
0.3419158539613974,0.040096346988231245,-0.1188872358162066,0.3799231635348091,-0.47934163551176356,0.8130336674657798,1.0,0.0,0.0,0.0,1.0,0.0,0.0,0.0,1.0,0.0,0.0,0.0,0.0,0.0,0.0,0.0,0.0,1.0,0.0,1.0
-1.934635195400885,1.2296213076390923,0.8117676673823178,0.3799231635348091,2.048741656965093,-0.40055117789194583,1.0,0.0,1.0,0.0,0.0,0.0,1.0,0.0,0.0,0.0,0.0,0.0,0.0,0.0,0.0,0.0,0.0,1.0,0.0,1.0
-0.09870692978614112,-0.5546661333371994,-0.7855436396344988,-0.47072241016576966,-0.47934163551176356,0.8130336674657798,0.0,1.0,1.0,0.0,0.0,0.0,0.0,1.0,0.0,0.0,0.0,0.0,0.0,0.0,0.0,0.0,0.0,1.0,0.0,1.0
-0.9799524972812181,0.040096346988231245,1.1441464964937371,-0.47072241016576966,0.7847000107266648,-1.6141360232496715,1.0,0.0,1.0,0.0,0.0,0.0,1.0,0.0,0.0,0.0,0.0,0.0,1.0,0.0,0.0,0.0,0.0,0.0,1.0,0.0
1.1497242908318845,2.4191462682899534,0.4164411896043107,0.3799231635348091,4.57682494944195,0.8130336674657798,1.0,0.0,0.0,0.0,1.0,0.0,0.0,0.0,1.0,0.0,0.0,0.0,0.0,0.0,0.0,0.0,0.0,1.0,0.0,1.0
1.0028500295827052,0.040096346988231245,2.4509294422338437,-0.47072241016576966,0.7847000107266648,-1.6141360232496715,1.0,0.0,0.0,0.0,1.0,0.0,0.0,0.0,1.0,0.0,0.0,0.0,1.0,0.0,0.0,0.0,0.0,0.0,1.0,0.0
0.04816733146303837,-0.5546661333371994,1.7558267680430824,-0.47072241016576966,-0.47934163551176356,-1.6141360232496715,1.0,0.0,1.0,0.0,0.0,0.0,1.0,0.0,0.0,0.0,0.0,0.0,0.0,0.0,0.0,0.0,0.0,1.0,0.0,1.0
-0.09870692978614112,-0.5546661333371994,-0.1188872358162066,-0.47072241016576966,-0.47934163551176356,0.8130336674657798,0.0,1.0,0.0,0.0,1.0,0.0,0.0,1.0,0.0,0.0,0.0,0.0,0.0,0.0,0.0,0.0,0.0,1.0,0.0,1.0
-0.39245545228450013,-0.5546661333371994,-0.7970761671326828,-0.47072241016576966,-0.47934163551176356,0.8130336674657798,0.0,1.0,0.0,0.0,1.0,0.0,0.0,1.0,0.0,0.0,0.0,0.0,0.0,0.0,0.0,0.0,0.0,1.0,0.0,1.0
0.04816733146303837,-0.5546661333371994,-0.3229354857942215,-0.47072241016576966,-0.47934163551176356,-0.40055117789194583,0.0,1.0,0.0,0.0,1.0,0.0,0.0,1.0,0.0,0.0,0.0,0.0,0.0,0.0,0.0,0.0,0.0,1.0,0.0,1.0
0.48879011521057686,-0.5546661333371994,0.7763183746573933,-0.47072241016576966,-0.47934163551176356,-1.6141360232496715,0.0,1.0,1.0,0.0,0.0,0.0,0.0,1.0,0.0,0.0,0.0,1.0,0.0,0.0,0.0,0.0,0.0,0.0,1.0,0.0
-0.3190183216599104,-0.5546661333371994,-0.8874622796252972,-0.47072241016576966,-0.47934163551176356,0.8130336674657798,0.0,1.0,0.0,0.0,1.0,0.0,0.0,1.0,0.0,0.0,0.0,0.0,0.0,0.0,0.0,0.0,0.0,1.0,0.0,1.0
-1.8611980647762951,0.6348588273136618,-0.8024019109872726,-0.47072241016576966,2.048741656965093,0.8130336674657798,1.0,0.0,0.0,1.0,0.0,0.0,1.0,0.0,0.0,0.0,0.0,0.0,0.0,0.0,0.0,0.0,0.0,1.0,0.0,1.0
1.5169099439548335,-0.5546661333371994,0.4447256520712933,-0.47072241016576966,-0.47934163551176356,-1.6141360232496715,1.0,0.0,1.0,0.0,0.0,0.0,1.0,0.0,0.0,0.0,0.0,0.0,0.0,1.0,0.0,0.0,0.0,0.0,1.0,0.0
-2.0815094566500645,1.2296213076390923,0.05401122766671204,1.2305687372353877,0.7847000107266648,0.8130336674657798,1.0,0.0,1.0,0.0,0.0,0.0,1.0,0.0,0.0,0.0,0.0,0.0,0.0,0.0,0.0,0.0,0.0,1.0,0.0,1.0
-0.39245545228450013,-0.5546661333371994,0.9858948891621343,-0.47072241016576966,-0.47934163551176356,-1.6141360232496715,1.0,0.0,1.0,0.0,0.0,0.0,1.0,0.0,0.0,0.0,0.0,0.0,0.0,1.0,0.0,0.0,0.0,0.0,1.0,0.0
-0.39245545228450013,1.2296213076390923,1.258880806636298,0.3799231635348091,2.048741656965093,-0.40055117789194583,1.0,0.0,0.0,0.0,1.0,0.0,1.0,0.0,0.0,0.0,0.0,0.0,0.0,0.0,0.0,0.0,0.0,1.0,0.0,1.0
0.41535298458598713,0.040096346988231245,1.035101446979864,0.3799231635348091,-0.47934163551176356,-1.6141360232496715,1.0,0.0,0.0,0.0,1.0,0.0,0.0,0.0,1.0,0.0,0.0,0.0,0.0,0.0,0.0,0.0,0.0,1.0,0.0,1.0
0.04816733146303837,-0.5546661333371994,1.5465421705986295,-0.47072241016576966,-0.47934163551176356,-1.6141360232496715,1.0,0.0,0.0,0.0,1.0,0.0,1.0,0.0,0.0,0.0,0.0,0.0,1.0,0.0,0.0,0.0,0.0,0.0,1.0,0.0
-0.46589258290908986,-0.5546661333371994,-0.3229354857942215,-0.47072241016576966,-0.47934163551176356,-0.40055117789194583,0.0,1.0,0.0,0.0,1.0,0.0,0.0,1.0,0.0,0.0,0.0,0.0,0.0,0.0,0.0,0.0,0.0,1.0,0.0,1.0
-0.09870692978614112,-0.5546661333371994,-0.7855436396344988,-0.47072241016576966,-0.47934163551176356,0.8130336674657798,0.0,1.0,0.0,0.0,1.0,0.0,0.0,1.0,0.0,0.0,0.0,0.0,0.0,0.0,0.0,0.0,0.0,1.0,0.0,1.0
-0.17214406041073088,-0.5546661333371994,0.3470672904774781,-0.47072241016576966,-0.47934163551176356,-0.40055117789194583,0.0,1.0,0.0,0.0,1.0,0.0,0.0,1.0,0.0,0.0,0.0,0.0,0.0,0.0,0.0,0.0,0.0,1.0,0.0,1.0
1.8840955970777822,-0.5546661333371994,-0.12487044037504055,-0.47072241016576966,-0.47934163551176356,-0.40055117789194583,1.0,0.0,0.0,0.0,1.0,0.0,0.0,0.0,1.0,0.0,0.0,0.0,0.0,0.0,0.0,0.0,0.0,1.0,0.0,1.0
0.41535298458598713,0.040096346988231245,1.0560573061526537,0.3799231635348091,-0.47934163551176356,-1.6141360232496715,1.0,0.0,0.0,0.0,1.0,0.0,0.0,0.0,1.0,0.0,0.0,0.0,0.0,1.0,0.0,0.0,0.0,0.0,1.0,0.0
-0.09870692978614112,-0.5546661333371994,-0.9120493253172879,-0.47072241016576966,-0.47934163551176356,0.8130336674657798,0.0,1.0,0.0,1.0,0.0,0.0,0.0,1.0,0.0,0.0,0.0,0.0,0.0,0.0,0.0,0.0,0.0,1.0,0.0,1.0
1.2231614214564743,-0.5546661333371994,1.4576729607483656,-0.47072241016576966,-0.47934163551176356,-1.6141360232496715,1.0,0.0,1.0,0.0,0.0,0.0,0.0,0.0,1.0,0.0,0.0,0.0,0.0,0.0,0.0,0.0,0.0,1.0,0.0,1.0
-0.3190183216599104,0.040096346988231245,0.08907411087894167,0.3799231635348091,-0.47934163551176356,0.8130336674657798,0.0,1.0,0.0,0.0,1.0,0.0,0.0,1.0,0.0,0.0,0.0,0.0,0.0,0.0,0.0,0.0,0.0,1.0,0.0,1.0
-0.46589258290908986,-0.5546661333371994,-0.26681908400607623,-0.47072241016576966,-0.47934163551176356,-0.40055117789194583,1.0,0.0,1.0,0.0,0.0,0.0,0.0,0.0,1.0,0.0,0.0,0.0,0.0,0.0,1.0,0.0,0.0,0.0,1.0,0.0
-0.5393297135336796,-0.5546661333371994,-0.8043507689082905,-0.47072241016576966,-0.47934163551176356,0.8130336674657798,1.0,0.0,0.0,1.0,0.0,0.0,1.0,0.0,0.0,0.0,0.0,0.0,0.0,0.0,0.0,0.0,0.0,1.0,0.0,1.0
-0.46589258290908986,0.040096346988231245,1.8188862098698895,0.3799231635348091,-0.47934163551176356,-1.6141360232496715,1.0,0.0,1.0,0.0,0.0,0.0,1.0,0.0,0.0,0.0,0.0,0.0,0.0,0.0,1.0,0.0,0.0,0.0,1.0,0.0
1.590347074579423,-0.5546661333371994,-0.7680121336586697,-0.47072241016576966,-0.47934163551176356,0.8130336674657798,0.0,1.0,0.0,0.0,1.0,0.0,0.0,1.0,0.0,0.0,0.0,0.0,0.0,0.0,0.0,0.0,0.0,1.0,0.0,1.0
0.2684787233368076,0.6348588273136618,0.3470672904774781,-0.47072241016576966,2.048741656965093,-0.40055117789194583,1.0,0.0,0.0,0.0,1.0,0.0,0.0,0.0,1.0,0.0,0.0,0.0,0.0,0.0,0.0,0.0,0.0,1.0,0.0,1.0
-0.02526979916155138,1.8243837879645228,0.1416214723374965,-0.47072241016576966,4.57682494944195,0.8130336674657798,1.0,0.0,0.0,0.0,1.0,0.0,0.0,0.0,1.0,0.0,0.0,0.0,0.0,0.0,0.0,0.0,0.0,1.0,0.0,1.0
-0.09870692978614112,-0.5546661333371994,-0.7855436396344988,-0.47072241016576966,-0.47934163551176356,0.8130336674657798,0.0,1.0,1.0,0.0,0.0,0.0,0.0,1.0,0.0,0.0,0.0,0.0,0.0,0.0,0.0,0.0,0.0,1.0,0.0,1.0
-0.17214406041073088,5.392958669917107,1.3268899785322608,6.33444217943886,2.048741656965093,0.8130336674657798,0.0,1.0,0.0,0.0,1.0,0.0,0.0,1.0,0.0,0.0,0.0,0.0,0.0,0.0,0.0,0.0,0.0,1.0,0.0,1.0
-2.0080723260254745,0.6348588273136618,0.3470672904774781,0.3799231635348091,0.7847000107266648,-0.40055117789194583,1.0,0.0,0.0,0.0,1.0,0.0,1.0,0.0,0.0,0.0,0.0,0.0,0.0,0.0,0.0,0.0,0.0,1.0,0.0,1.0
-1.1268267585303977,0.040096346988231245,0.49032626897396986,0.3799231635348091,-0.47934163551176356,-0.40055117789194583,1.0,0.0,1.0,0.0,0.0,0.0,0.0,0.0,1.0,0.0,0.0,0.0,0.0,0.0,0.0,0.0,0.0,1.0,0.0,1.0
1.8106584664531924,0.040096346988231245,0.3470672904774781,0.3799231635348091,-0.47934163551176356,-0.40055117789194583,0.0,1.0,0.0,0.0,1.0,0.0,0.0,0.0,0.0,1.0,0.0,0.0,0.0,0.0,0.0,0.0,0.0,1.0,0.0,1.0
-1.053389627905808,-0.5546661333371994,-0.7703594482724764,-0.47072241016576966,-0.47934163551176356,0.8130336674657798,1.0,0.0,0.0,1.0,0.0,0.0,1.0,0.0,0.0,0.0,0.0,0.0,0.0,0.0,0.0,0.0,0.0,1.0,0.0,1.0
-0.5393297135336796,0.040096346988231245,1.0912697675952558,-0.47072241016576966,0.7847000107266648,-1.6141360232496715,1.0,0.0,0.0,0.0,1.0,0.0,1.0,0.0,0.0,0.0,0.0,0.0,0.0,0.0,0.0,1.0,0.0,0.0,1.0,0.0
-0.17214406041073088,-0.5546661333371994,-0.3229354857942215,-0.47072241016576966,-0.47934163551176356,-0.40055117789194583,0.0,1.0,0.0,0.0,1.0,0.0,0.0,1.0,0.0,0.0,0.0,0.0,0.0,0.0,0.0,0.0,0.0,1.0,0.0,1.0
-0.09870692978614112,-0.5546661333371994,-0.7855436396344988,-0.47072241016576966,-0.47934163551176356,0.8130336674657798,0.0,1.0,0.0,0.0,1.0,0.0,0.0,1.0,0.0,0.0,0.0,0.0,0.0,0.0,0.0,0.0,0.0,1.0,0.0,1.0
1.6637842052040128,-0.5546661333371994,0.7632115547077021,-0.47072241016576966,-0.47934163551176356,-1.6141360232496715,0.0,1.0,1.0,0.0,0.0,0.0,0.0,0.0,0.0,1.0,0.0,0.0,0.0,0.0,0.0,0.0,0.0,1.0,0.0,1.0
-0.09870692978614112,0.040096346988231245,0.26855675784203303,0.3799231635348091,-0.47934163551176356,-0.40055117789194583,1.0,0.0,1.0,0.0,0.0,0.0,0.0,0.0,1.0,0.0,0.0,0.0,0.0,0.0,0.0,0.0,0.0,1.0,0.0,1.0
0.7091015070843462,-0.5546661333371994,-0.7822005884264942,-0.47072241016576966,-0.47934163551176356,0.8130336674657798,0.0,1.0,0.0,0.0,1.0,0.0,0.0,1.0,0.0,0.0,0.0,0.0,0.0,0.0,0.0,0.0,0.0,1.0,0.0,1.0
-2.0080723260254745,0.6348588273136618,0.3470672904774781,0.3799231635348091,0.7847000107266648,-0.40055117789194583,0.0,1.0,0.0,0.0,1.0,1.0,0.0,0.0,0.0,0.0,0.0,0.0,0.0,0.0,0.0,0.0,1.0,0.0,1.0,0.0
-0.39245545228450013,0.040096346988231245,-0.1188872358162066,0.3799231635348091,-0.47934163551176356,0.8130336674657798,0.0,1.0,0.0,0.0,1.0,0.0,0.0,1.0,0.0,0.0,0.0,0.0,0.0,0.0,0.0,0.0,0.0,1.0,0.0,1.0
0.19504159271221788,-0.5546661333371994,-0.7855436396344988,-0.47072241016576966,-0.47934163551176356,0.8130336674657798,0.0,1.0,0.0,0.0,1.0,0.0,0.0,1.0,0.0,0.0,0.0,0.0,0.0,0.0,0.0,0.0,0.0,1.0,0.0,1.0
1.2231614214564743,-0.5546661333371994,-0.8655230802337704,-0.47072241016576966,-0.47934163551176356,0.8130336674657798,0.0,1.0,1.0,0.0,0.0,0.0,0.0,1.0,0.0,0.0,0.0,0.0,0.0,0.0,0.0,0.0,0.0,1.0,0.0,1.0
-1.5674495422779362,0.6348588273136618,0.35646950867414806,-0.47072241016576966,2.048741656965093,-0.40055117789194583,1.0,0.0,0.0,0.0,1.0,0.0,1.0,0.0,0.0,0.0,0.0,0.0,0.0,0.0,0.0,0.0,0.0,1.0,0.0,1.0
-0.24558119103532064,1.2296213076390923,0.1182496951518834,0.3799231635348091,2.048741656965093,0.8130336674657798,0.0,1.0,0.0,0.0,1.0,0.0,0.0,1.0,0.0,0.0,0.0,0.0,0.0,0.0,0.0,0.0,0.0,1.0,0.0,1.0
-0.02526979916155138,-0.5546661333371994,2.4509294422338437,-0.47072241016576966,-0.47934163551176356,-1.6141360232496715,1.0,0.0,0.0,0.0,1.0,0.0,1.0,0.0,0.0,0.0,0.0,0.0,1.0,0.0,0.0,0.0,0.0,0.0,1.0,0.0
1.1497242908318845,0.6348588273136618,0.35646950867414806,0.3799231635348091,0.7847000107266648,-0.40055117789194583,1.0,0.0,0.0,0.0,1.0,0.0,0.0,0.0,1.0,0.0,0.0,0.0,0.0,0.0,0.0,0.0,0.0,1.0,0.0,1.0
0.48879011521057686,0.040096346988231245,-0.04413981229767843,0.3799231635348091,-0.47934163551176356,0.8130336674657798,1.0,0.0,0.0,0.0,1.0,0.0,0.0,0.0,1.0,0.0,0.0,0.0,0.0,0.0,0.0,0.0,0.0,1.0,0.0,1.0
1.1497242908318845,-0.5546661333371994,0.3470672904774781,-0.47072241016576966,-0.47934163551176356,-1.6141360232496715,0.0,1.0,0.0,0.0,1.0,0.0,0.0,1.0,0.0,0.0,0.0,1.0,0.0,0.0,0.0,0.0,0.0,0.0,1.0,0.0
-1.8611980647762951,0.6348588273136618,0.18460462771923006,-0.47072241016576966,2.048741656965093,0.8130336674657798,1.0,0.0,0.0,0.0,1.0,0.0,1.0,0.0,0.0,0.0,0.0,0.0,0.0,0.0,0.0,0.0,0.0,1.0,0.0,1.0
-0.9799524972812181,-0.5546661333371994,0.3470672904774781,-0.47072241016576966,-0.47934163551176356,-0.40055117789194583,0.0,1.0,0.0,0.0,1.0,0.0,0.0,1.0,0.0,0.0,0.0,0.0,0.0,0.0,0.0,0.0,0.0,1.0,0.0,1.0
2.1044069889515513,-0.5546661333371994,0.47807873363611597,-0.47072241016576966,-0.47934163551176356,-1.6141360232496715,0.0,1.0,1.0,0.0,0.0,0.0,0.0,1.0,0.0,0.0,0.0,0.0,1.0,0.0,0.0,0.0,0.0,0.0,1.0,0.0
0.7825386377089358,0.6348588273136618,-0.21910355439909165,-0.47072241016576966,2.048741656965093,0.8130336674657798,0.0,1.0,0.0,0.0,1.0,0.0,0.0,1.0,0.0,0.0,0.0,0.0,0.0,0.0,0.0,0.0,0.0,1.0,0.0,1.0
-0.3190183216599104,-0.5546661333371994,-0.8141277119601591,-0.47072241016576966,-0.47934163551176356,0.8130336674657798,0.0,1.0,0.0,0.0,1.0,0.0,0.0,1.0,0.0,0.0,0.0,0.0,0.0,0.0,0.0,0.0,1.0,0.0,1.0,0.0
-0.09870692978614112,-0.5546661333371994,-0.7855436396344988,-0.47072241016576966,-0.47934163551176356,0.8130336674657798,0.0,1.0,0.0,0.0,1.0,0.0,0.0,1.0,0.0,0.0,0.0,0.0,0.0,0.0,0.0,0.0,0.0,1.0,0.0,1.0
1.590347074579423,-0.5546661333371994,-0.8869301748825031,-0.47072241016576966,-0.47934163551176356,0.8130336674657798,0.0,1.0,0.0,0.0,1.0,0.0,0.0,1.0,0.0,0.0,0.0,0.0,0.0,0.0,0.0,0.0,0.0,1.0,0.0,1.0
-0.02526979916155138,-0.5546661333371994,-3.015126151940294,-0.47072241016576966,-0.47934163551176356,-0.40055117789194583,0.0,1.0,0.0,0.0,1.0,0.0,0.0,1.0,0.0,0.0,0.0,0.0,0.0,0.0,0.0,0.0,0.0,1.0,0.0,1.0
-0.9065153666566284,3.013908748615384,-0.7822005884264942,2.931859884636545,2.048741656965093,0.8130336674657798,1.0,0.0,0.0,0.0,1.0,0.0,1.0,0.0,0.0,0.0,0.0,0.0,0.0,0.0,0.0,0.0,0.0,1.0,0.0,1.0
-0.09870692978614112,-0.5546661333371994,-0.9002141138281856,-0.47072241016576966,-0.47934163551176356,0.8130336674657798,0.0,1.0,0.0,1.0,0.0,0.0,0.0,1.0,0.0,0.0,0.0,0.0,0.0,0.0,0.0,0.0,0.0,1.0,0.0,1.0
0.7825386377089358,0.6348588273136618,-0.1553244467531785,0.3799231635348091,0.7847000107266648,0.8130336674657798,0.0,1.0,0.0,1.0,0.0,0.0,0.0,1.0,0.0,0.0,0.0,0.0,0.0,0.0,0.0,0.0,0.0,1.0,0.0,1.0
-0.3190183216599104,-0.5546661333371994,-3.015126151940294,-0.47072241016576966,-0.47934163551176356,0.8130336674657798,0.0,1.0,0.0,0.0,1.0,0.0,0.0,1.0,0.0,0.0,0.0,0.0,0.0,0.0,0.0,0.0,0.0,1.0,0.0,1.0
1.2965985520810641,-0.5546661333371994,0.3313616366905768,-0.47072241016576966,-0.47934163551176356,-1.6141360232496715,0.0,1.0,0.0,0.0,1.0,0.0,0.0,1.0,0.0,0.0,0.0,0.0,0.0,0.0,0.0,1.0,0.0,0.0,1.0,0.0
1.1497242908318845,-0.5546661333371994,0.3676389646316987,-0.47072241016576966,-0.47934163551176356,-1.6141360232496715,0.0,1.0,0.0,0.0,1.0,0.0,0.0,1.0,0.0,0.0,0.0,0.0,0.0,1.0,0.0,0.0,0.0,0.0,1.0,0.0
1.076287160207295,0.040096346988231245,0.3470672904774781,0.3799231635348091,-0.47934163551176356,-0.40055117789194583,0.0,1.0,0.0,0.0,1.0,0.0,0.0,1.0,0.0,0.0,0.0,0.0,0.0,0.0,0.0,0.0,0.0,1.0,0.0,1.0
-0.46589258290908986,2.4191462682899534,2.6730860600257746,2.0812143109359664,2.048741656965093,-1.6141360232496715,1.0,0.0,0.0,0.0,1.0,0.0,1.0,0.0,0.0,0.0,0.0,0.0,0.0,1.0,0.0,0.0,0.0,0.0,1.0,0.0
-0.8330782360320387,-0.5546661333371994,-0.43854586885270497,-0.47072241016576966,-0.47934163551176356,-0.40055117789194583,0.0,1.0,0.0,0.0,1.0,0.0,0.0,1.0,0.0,0.0,0.0,0.0,0.0,0.0,0.0,0.0,0.0,1.0,0.0,1.0
-0.02526979916155138,0.040096346988231245,0.13814965916370786,0.3799231635348091,-0.47934163551176356,-0.40055117789194583,0.0,1.0,0.0,0.0,1.0,0.0,0.0,1.0,0.0,0.0,0.0,0.0,0.0,0.0,0.0,0.0,0.0,1.0,0.0,1.0
-1.273701019779577,0.040096346988231245,-0.45984675315399137,0.3799231635348091,-0.47934163551176356,0.8130336674657798,0.0,1.0,1.0,0.0,0.0,1.0,0.0,0.0,0.0,0.0,0.0,0.0,0.0,0.0,0.0,0.0,0.0,1.0,0.0,1.0
-1.3471381504041668,-0.5546661333371994,0.030023645502567028,-0.47072241016576966,-0.47934163551176356,0.8130336674657798,0.0,1.0,1.0,0.0,0.0,0.0,0.0,1.0,0.0,0.0,0.0,0.0,0.0,0.0,0.0,0.0,0.0,1.0,0.0,1.0
-0.5393297135336796,-0.5546661333371994,-0.8024019109872726,-0.47072241016576966,-0.47934163551176356,0.8130336674657798,1.0,0.0,0.0,1.0,0.0,0.0,1.0,0.0,0.0,0.0,0.0,0.0,0.0,0.0,0.0,0.0,0.0,1.0,0.0,1.0
-0.7596411054074489,-0.5546661333371994,-0.52360623749073,-0.47072241016576966,-0.47934163551176356,-0.40055117789194583,0.0,1.0,0.0,0.0,1.0,0.0,0.0,1.0,0.0,0.0,0.0,0.0,0.0,0.0,0.0,0.0,0.0,1.0,0.0,1.0
-0.5393297135336796,0.040096346988231245,-0.8624270734479169,0.3799231635348091,-0.47934163551176356,0.8130336674657798,0.0,1.0,0.0,0.0,1.0,0.0,0.0,1.0,0.0,0.0,0.0,0.0,0.0,0.0,0.0,0.0,0.0,1.0,0.0,1.0
0.2684787233368076,-0.5546661333371994,-0.7855436396344988,-0.47072241016576966,-0.47934163551176356,0.8130336674657798,0.0,1.0,0.0,0.0,1.0,0.0,0.0,1.0,0.0,0.0,0.0,0.0,0.0,0.0,0.0,0.0,0.0,1.0,0.0,1.0
1.957532727702372,-0.5546661333371994,0.3676389646316987,-0.47072241016576966,-0.47934163551176356,-1.6141360232496715,0.0,1.0,0.0,0.0,1.0,0.0,0.0,1.0,0.0,0.0,0.0,0.0,0.0,0.0,0.0,0.0,0.0,1.0,0.0,1.0
-2.0815094566500645,0.6348588273136618,0.6958099228808682,-0.47072241016576966,2.048741656965093,-0.40055117789194583,0.0,1.0,1.0,0.0,0.0,1.0,0.0,0.0,0.0,0.0,0.0,0.0,0.0,0.0,0.0,0.0,0.0,1.0,0.0,1.0
-0.5393297135336796,-0.5546661333371994,-0.7970761671326828,-0.47072241016576966,-0.47934163551176356,0.8130336674657798,0.0,1.0,0.0,0.0,1.0,0.0,0.0,1.0,0.0,0.0,0.0,0.0,0.0,0.0,0.0,0.0,0.0,1.0,0.0,1.0
-0.09870692978614112,-0.5546661333371994,-0.8650022939791525,-0.47072241016576966,-0.47934163551176356,0.8130336674657798,0.0,1.0,1.0,0.0,0.0,0.0,0.0,1.0,0.0,0.0,0.0,0.0,0.0,0.0,0.0,0.0,0.0,1.0,0.0,1.0
-0.09870692978614112,-0.5546661333371994,-0.8024019109872726,-0.47072241016576966,-0.47934163551176356,0.8130336674657798,0.0,1.0,0.0,1.0,0.0,0.0,0.0,1.0,0.0,0.0,0.0,0.0,0.0,0.0,0.0,0.0,0.0,1.0,0.0,1.0
-1.640886672902526,2.4191462682899534,0.45879080236848147,2.931859884636545,0.7847000107266648,0.8130336674657798,0.0,1.0,0.0,1.0,0.0,1.0,0.0,0.0,0.0,0.0,0.0,0.0,0.0,0.0,0.0,0.0,0.0,1.0,0.0,1.0
-1.8611980647762951,0.040096346988231245,-0.2930150458542484,-0.47072241016576966,0.7847000107266648,0.8130336674657798,1.0,0.0,1.0,0.0,0.0,0.0,1.0,0.0,0.0,0.0,0.0,0.0,0.0,0.0,0.0,0.0,0.0,1.0,0.0,1.0
2.9856525564466283,-0.5546661333371994,-0.8024019109872726,-0.47072241016576966,-0.47934163551176356,0.8130336674657798,0.0,1.0,0.0,1.0,0.0,0.0,0.0,1.0,0.0,0.0,0.0,0.0,0.0,0.0,0.0,0.0,0.0,1.0,0.0,1.0
-0.8330782360320387,-0.5546661333371994,-0.3229354857942215,-0.47072241016576966,-0.47934163551176356,-0.40055117789194583,0.0,1.0,0.0,0.0,1.0,0.0,0.0,1.0,0.0,0.0,0.0,0.0,0.0,0.0,0.0,0.0,0.0,1.0,0.0,1.0
-0.6862039747828591,0.6348588273136618,-0.14048942924167343,0.3799231635348091,0.7847000107266648,0.8130336674657798,0.0,1.0,1.0,0.0,0.0,0.0,0.0,1.0,0.0,0.0,0.0,0.0,0.0,0.0,0.0,0.0,0.0,1.0,0.0,1.0
-0.39245545228450013,0.6348588273136618,1.38246424473573,1.2305687372353877,-0.47934163551176356,-0.40055117789194583,0.0,1.0,0.0,0.0,1.0,0.0,0.0,1.0,0.0,0.0,0.0,0.0,0.0,0.0,0.0,0.0,0.0,1.0,0.0,1.0
-0.09870692978614112,-0.5546661333371994,-0.8655230802337704,-0.47072241016576966,-0.47934163551176356,0.8130336674657798,0.0,1.0,1.0,0.0,0.0,0.0,0.0,1.0,0.0,0.0,0.0,0.0,0.0,0.0,0.0,0.0,0.0,1.0,0.0,1.0
0.3419158539613974,-0.5546661333371994,-0.52360623749073,-0.47072241016576966,-0.47934163551176356,-0.40055117789194583,1.0,0.0,0.0,0.0,1.0,0.0,0.0,0.0,1.0,0.0,0.0,0.0,0.0,0.0,0.0,0.0,1.0,0.0,1.0,0.0
-0.5393297135336796,-0.5546661333371994,-0.8024019109872726,-0.47072241016576966,-0.47934163551176356,0.8130336674657798,1.0,0.0,0.0,1.0,0.0,0.0,1.0,0.0,0.0,0.0,0.0,0.0,0.0,0.0,0.0,0.0,0.0,1.0,0.0,1.0
0.12160446208762812,0.6348588273136618,2.1989640934072487,-0.47072241016576966,2.048741656965093,-1.6141360232496715,1.0,0.0,0.0,0.0,1.0,0.0,1.0,0.0,0.0,0.0,0.0,0.0,0.0,1.0,0.0,0.0,0.0,0.0,1.0,0.0
0.04816733146303837,-0.5546661333371994,-0.7855436396344988,-0.47072241016576966,-0.47934163551176356,0.8130336674657798,0.0,1.0,0.0,0.0,1.0,0.0,0.0,1.0,0.0,0.0,0.0,0.0,0.0,0.0,0.0,0.0,0.0,1.0,0.0,1.0
-0.8330782360320387,-0.5546661333371994,-0.43854586885270497,-0.47072241016576966,-0.47934163551176356,-0.40055117789194583,0.0,1.0,0.0,0.0,1.0,0.0,0.0,1.0,0.0,0.0,0.0,0.0,0.0,0.0,0.0,0.0,0.0,1.0,0.0,1.0
-1.4940124116533464,2.4191462682899534,0.4164411896043107,2.0812143109359664,2.048741656965093,0.8130336674657798,1.0,0.0,0.0,0.0,1.0,0.0,1.0,0.0,0.0,0.0,0.0,0.0,0.0,0.0,0.0,0.0,0.0,1.0,0.0,1.0
0.7091015070843462,0.6348588273136618,1.4633809029489055,0.3799231635348091,0.7847000107266648,-1.6141360232496715,1.0,0.0,0.0,0.0,1.0,0.0,0.0,0.0,1.0,0.0,0.0,0.0,0.0,0.0,0.0,1.0,0.0,0.0,1.0,0.0
0.2684787233368076,0.040096346988231245,1.0560573061526537,0.3799231635348091,-0.47934163551176356,-1.6141360232496715,1.0,0.0,0.0,0.0,1.0,0.0,0.0,0.0,1.0,0.0,0.0,0.0,0.0,0.0,0.0,1.0,0.0,0.0,1.0,0.0
2.9856525564466283,0.6348588273136618,1.3476440230891025,0.3799231635348091,0.7847000107266648,-1.6141360232496715,0.0,1.0,0.0,0.0,1.0,0.0,0.0,0.0,0.0,1.0,0.0,0.0,1.0,0.0,0.0,0.0,0.0,0.0,1.0,0.0
-0.39245545228450013,-0.5546661333371994,1.3232686277185874,-0.47072241016576966,-0.47934163551176356,-1.6141360232496715,1.0,0.0,1.0,0.0,0.0,0.0,0.0,0.0,1.0,0.0,0.0,0.0,1.0,0.0,0.0,0.0,0.0,0.0,1.0,0.0
2.1044069889515513,0.040096346988231245,2.1262968197435037,-0.47072241016576966,0.7847000107266648,-1.6141360232496715,1.0,0.0,0.0,0.0,1.0,0.0,0.0,0.0,1.0,0.0,0.0,0.0,0.0,1.0,0.0,0.0,0.0,0.0,1.0,0.0
-0.6127668441582694,-0.5546661333371994,-0.7903253443490756,-0.47072241016576966,-0.47934163551176356,0.8130336674657798,0.0,1.0,0.0,0.0,1.0,0.0,0.0,1.0,0.0,0.0,0.0,0.0,0.0,0.0,0.0,0.0,0.0,1.0,0.0,1.0
-0.9065153666566284,0.040096346988231245,1.7790632982083476,0.3799231635348091,-0.47934163551176356,-1.6141360232496715,1.0,0.0,1.0,0.0,0.0,0.0,0.0,0.0,1.0,0.0,0.0,0.0,0.0,1.0,0.0,0.0,0.0,0.0,1.0,0.0
-0.09870692978614112,0.6348588273136618,-0.22570638297085982,0.3799231635348091,0.7847000107266648,0.8130336674657798,1.0,0.0,0.0,0.0,1.0,0.0,0.0,0.0,1.0,0.0,0.0,0.0,0.0,0.0,0.0,0.0,0.0,1.0,0.0,1.0
-0.39245545228450013,-0.5546661333371994,1.506818944960404,-0.47072241016576966,-0.47934163551176356,-1.6141360232496715,1.0,0.0,1.0,0.0,0.0,0.0,1.0,0.0,0.0,0.0,0.0,0.0,0.0,1.0,0.0,0.0,0.0,0.0,1.0,0.0
-0.09870692978614112,-0.5546661333371994,-0.8655230802337704,-0.47072241016576966,-0.47934163551176356,0.8130336674657798,0.0,1.0,1.0,0.0,0.0,0.0,0.0,1.0,0.0,0.0,0.0,0.0,0.0,0.0,0.0,0.0,0.0,1.0,0.0,1.0
-0.3190183216599104,0.040096346988231245,-0.1553244467531785,0.3799231635348091,-0.47934163551176356,0.8130336674657798,0.0,1.0,0.0,1.0,0.0,0.0,0.0,1.0,0.0,0.0,0.0,0.0,0.0,0.0,0.0,0.0,0.0,1.0,0.0,1.0
0.9294128989581154,-0.5546661333371994,-0.7012059848131963,-0.47072241016576966,-0.47934163551176356,0.8130336674657798,0.0,1.0,0.0,0.0,1.0,0.0,0.0,1.0,0.0,0.0,0.0,0.0,0.0,0.0,0.0,0.0,0.0,1.0,0.0,1.0
-0.8330782360320387,0.040096346988231245,-0.9602276110215877,0.3799231635348091,-0.47934163551176356,0.8130336674657798,0.0,1.0,0.0,0.0,1.0,0.0,0.0,1.0,0.0,0.0,0.0,0.0,0.0,0.0,0.0,0.0,0.0,1.0,0.0,1.0
-2.0080723260254745,0.040096346988231245,-0.37622071418555425,-0.47072241016576966,0.7847000107266648,0.8130336674657798,1.0,0.0,0.0,0.0,1.0,0.0,1.0,0.0,0.0,0.0,0.0,0.0,0.0,0.0,0.0,0.0,0.0,1.0,0.0,1.0
0.3419158539613974,-0.5546661333371994,-0.3229354857942215,-0.47072241016576966,-0.47934163551176356,-0.40055117789194583,1.0,0.0,0.0,0.0,1.0,0.0,1.0,0.0,0.0,0.0,0.0,0.0,0.0,0.0,0.0,0.0,0.0,1.0,0.0,1.0
-1.934635195400885,3.013908748615384,0.5326659638089819,2.931859884636545,2.048741656965093,0.8130336674657798,0.0,1.0,0.0,0.0,1.0,1.0,0.0,0.0,0.0,0.0,0.0,0.0,0.0,0.0,0.0,0.0,0.0,1.0,0.0,1.0
2.1044069889515513,-0.5546661333371994,2.079388874332574,-0.47072241016576966,-0.47934163551176356,-1.6141360232496715,1.0,0.0,1.0,0.0,0.0,0.0,1.0,0.0,0.0,0.0,0.0,0.0,1.0,0.0,0.0,0.0,0.0,0.0,1.0,0.0
0.19504159271221788,-0.5546661333371994,-0.8024019109872726,-0.47072241016576966,-0.47934163551176356,0.8130336674657798,0.0,1.0,0.0,1.0,0.0,0.0,0.0,1.0,0.0,0.0,0.0,0.0,0.0,0.0,0.0,0.0,0.0,1.0,0.0,1.0
0.12160446208762812,-0.5546661333371994,-0.7822005884264942,-0.47072241016576966,-0.47934163551176356,0.8130336674657798,0.0,1.0,0.0,0.0,1.0,0.0,0.0,1.0,0.0,0.0,0.0,0.0,0.0,0.0,0.0,0.0,0.0,1.0,0.0,1.0
-0.09870692978614112,-0.5546661333371994,-0.799491399874797,-0.47072241016576966,-0.47934163551176356,0.8130336674657798,0.0,1.0,0.0,0.0,1.0,0.0,0.0,1.0,0.0,0.0,0.0,0.0,0.0,0.0,0.0,0.0,0.0,1.0,0.0,1.0
-0.17214406041073088,0.040096346988231245,-0.26223621707659783,0.3799231635348091,-0.47934163551176356,-0.40055117789194583,1.0,0.0,1.0,0.0,0.0,0.0,1.0,0.0,0.0,0.0,0.0,0.0,0.0,0.0,0.0,0.0,0.0,1.0,0.0,1.0
-1.3471381504041668,3.6086712289408145,0.9318880073734521,3.7825054583371243,2.048741656965093,0.8130336674657798,0.0,1.0,0.0,0.0,1.0,1.0,0.0,0.0,0.0,0.0,0.0,0.0,0.0,0.0,0.0,0.0,0.0,1.0,0.0,1.0
-0.46589258290908986,-0.5546661333371994,-0.3229354857942215,-0.47072241016576966,-0.47934163551176356,-0.40055117789194583,0.0,1.0,0.0,0.0,1.0,0.0,0.0,1.0,0.0,0.0,0.0,0.0,0.0,0.0,0.0,0.0,0.0,1.0,0.0,1.0
0.7825386377089358,-0.5546661333371994,-3.015126151940294,-0.47072241016576966,-0.47934163551176356,-1.6141360232496715,0.0,1.0,0.0,0.0,1.0,0.0,0.0,1.0,0.0,0.0,0.0,0.0,1.0,0.0,0.0,0.0,0.0,0.0,1.0,0.0
-0.09870692978614112,-0.5546661333371994,-0.8650022939791525,-0.47072241016576966,-0.47934163551176356,0.8130336674657798,0.0,1.0,1.0,0.0,0.0,0.0,0.0,1.0,0.0,0.0,0.0,0.0,0.0,0.0,0.0,0.0,0.0,1.0,0.0,1.0
-0.09870692978614112,-0.5546661333371994,-0.7855436396344988,-0.47072241016576966,-0.47934163551176356,0.8130336674657798,1.0,0.0,0.0,0.0,1.0,0.0,1.0,0.0,0.0,0.0,0.0,0.0,0.0,0.0,0.0,0.0,0.0,1.0,0.0,1.0
-0.09870692978614112,-0.5546661333371994,-0.3229354857942215,-0.47072241016576966,-0.47934163551176356,-0.40055117789194583,1.0,0.0,0.0,0.0,1.0,0.0,1.0,0.0,0.0,0.0,0.0,0.0,0.0,0.0,0.0,0.0,0.0,1.0,0.0,1.0
-0.3190183216599104,0.040096346988231245,0.08907411087894167,0.3799231635348091,-0.47934163551176356,0.8130336674657798,0.0,1.0,0.0,0.0,1.0,0.0,0.0,1.0,0.0,0.0,0.0,0.0,0.0,0.0,0.0,0.0,0.0,1.0,0.0,1.0
-0.7596411054074489,-0.5546661333371994,-0.5532347940013055,-0.47072241016576966,-0.47934163551176356,0.8130336674657798,0.0,1.0,0.0,0.0,1.0,0.0,0.0,1.0,0.0,0.0,0.0,0.0,0.0,0.0,0.0,0.0,0.0,1.0,0.0,1.0
0.04816733146303837,0.6348588273136618,0.2746592692781365,0.3799231635348091,0.7847000107266648,0.8130336674657798,1.0,0.0,0.0,0.0,1.0,0.0,0.0,0.0,1.0,0.0,0.0,0.0,0.0,0.0,0.0,0.0,0.0,1.0,0.0,1.0
-0.6862039747828591,-0.5546661333371994,-0.7903253443490756,-0.47072241016576966,-0.47934163551176356,0.8130336674657798,0.0,1.0,0.0,0.0,1.0,0.0,0.0,1.0,0.0,0.0,0.0,0.0,0.0,0.0,0.0,0.0,0.0,1.0,0.0,1.0
-0.09870692978614112,-0.5546661333371994,1.1181607005832248,-0.47072241016576966,-0.47934163551176356,0.8130336674657798,0.0,1.0,0.0,0.0,1.0,0.0,0.0,1.0,0.0,0.0,0.0,0.0,0.0,0.0,0.0,0.0,0.0,1.0,0.0,1.0
0.48879011521057686,-0.5546661333371994,-3.015126151940294,-0.47072241016576966,-0.47934163551176356,0.8130336674657798,0.0,1.0,0.0,0.0,1.0,0.0,0.0,1.0,0.0,0.0,0.0,0.0,0.0,0.0,0.0,0.0,0.0,1.0,0.0,1.0
-0.09870692978614112,-0.5546661333371994,-0.7680121336586697,-0.47072241016576966,-0.47934163551176356,0.8130336674657798,0.0,1.0,0.0,0.0,1.0,0.0,0.0,1.0,0.0,0.0,0.0,0.0,0.0,0.0,0.0,0.0,0.0,1.0,0.0,1.0
-0.39245545228450013,2.4191462682899534,2.6730860600257746,2.0812143109359664,2.048741656965093,-1.6141360232496715,1.0,0.0,0.0,0.0,1.0,0.0,1.0,0.0,0.0,0.0,0.0,0.0,0.0,1.0,0.0,0.0,0.0,0.0,1.0,0.0
-0.09870692978614112,-0.5546661333371994,-0.8650022939791525,-0.47072241016576966,-0.47934163551176356,0.8130336674657798,0.0,1.0,1.0,0.0,0.0,0.0,0.0,1.0,0.0,0.0,0.0,0.0,0.0,0.0,0.0,0.0,0.0,1.0,0.0,1.0
-0.39245545228450013,1.2296213076390923,0.05401122766671204,-0.47072241016576966,3.312783303203522,0.8130336674657798,1.0,0.0,1.0,0.0,0.0,0.0,0.0,0.0,1.0,0.0,0.0,0.0,0.0,0.0,0.0,0.0,0.0,1.0,0.0,1.0
0.9294128989581154,-0.5546661333371994,-0.3229354857942215,-0.47072241016576966,-0.47934163551176356,-0.40055117789194583,0.0,1.0,0.0,0.0,1.0,0.0,0.0,0.0,0.0,1.0,0.0,0.0,0.0,0.0,0.0,0.0,0.0,1.0,0.0,1.0
1.8106584664531924,0.040096346988231245,1.4330514614248229,-0.47072241016576966,0.7847000107266648,-1.6141360232496715,0.0,1.0,0.0,0.0,1.0,0.0,0.0,1.0,0.0,0.0,0.0,0.0,0.0,0.0,1.0,0.0,0.0,0.0,1.0,0.0
-0.3190183216599104,-0.5546661333371994,-0.8033700396762877,-0.47072241016576966,-0.47934163551176356,0.8130336674657798,0.0,1.0,0.0,1.0,0.0,0.0,0.0,1.0,0.0,0.0,0.0,0.0,0.0,0.0,0.0,0.0,0.0,1.0,0.0,1.0
-1.640886672902526,2.4191462682899534,0.7654077524406184,2.931859884636545,0.7847000107266648,0.8130336674657798,0.0,1.0,0.0,0.0,1.0,1.0,0.0,0.0,0.0,0.0,0.0,0.0,0.0,0.0,0.0,0.0,0.0,1.0,0.0,1.0
-0.3190183216599104,0.040096346988231245,-0.022200612906151152,0.3799231635348091,-0.47934163551176356,0.8130336674657798,0.0,1.0,0.0,0.0,1.0,0.0,0.0,1.0,0.0,0.0,0.0,0.0,0.0,0.0,0.0,0.0,0.0,1.0,0.0,1.0
-0.17214406041073088,0.040096346988231245,-0.36192622360374066,-0.47072241016576966,0.7847000107266648,0.8130336674657798,1.0,0.0,0.0,0.0,1.0,0.0,0.0,0.0,1.0,0.0,0.0,0.0,0.0,0.0,0.0,1.0,0.0,0.0,1.0,0.0
-0.39245545228450013,0.040096346988231245,-0.1339115641296434,0.3799231635348091,-0.47934163551176356,0.8130336674657798,1.0,0.0,0.0,0.0,1.0,0.0,0.0,0.0,1.0,0.0,0.0,0.0,0.0,0.0,0.0,0.0,0.0,1.0,0.0,1.0
-0.09870692978614112,-0.5546661333371994,-0.8624270734479169,-0.47072241016576966,-0.47934163551176356,0.8130336674657798,0.0,1.0,0.0,0.0,1.0,0.0,0.0,1.0,0.0,0.0,0.0,0.0,0.0,0.0,0.0,0.0,0.0,1.0,0.0,1.0
-0.09870692978614112,-0.5546661333371994,-0.34876302867390563,-0.47072241016576966,-0.47934163551176356,-0.40055117789194583,1.0,0.0,0.0,0.0,1.0,0.0,0.0,0.0,1.0,0.0,0.0,0.0,0.0,0.0,0.0,0.0,0.0,1.0,0.0,1.0
-0.7596411054074489,-0.5546661333371994,-0.21910355439909165,-0.47072241016576966,-0.47934163551176356,0.8130336674657798,0.0,1.0,0.0,0.0,1.0,0.0,0.0,1.0,0.0,0.0,0.0,0.0,0.0,0.0,0.0,0.0,0.0,1.0,0.0,1.0
-0.5393297135336796,-0.5546661333371994,-0.8624270734479169,-0.47072241016576966,-0.47934163551176356,0.8130336674657798,0.0,1.0,0.0,0.0,1.0,0.0,0.0,1.0,0.0,0.0,0.0,0.0,0.0,0.0,0.0,0.0,0.0,1.0,0.0,1.0
1.2965985520810641,-0.5546661333371994,-0.8655230802337704,-0.47072241016576966,-0.47934163551176356,0.8130336674657798,1.0,0.0,1.0,0.0,0.0,0.0,0.0,0.0,1.0,0.0,0.0,0.0,0.0,0.0,0.0,0.0,0.0,1.0,0.0,1.0
-0.8330782360320387,5.392958669917107,1.3268899785322608,6.33444217943886,2.048741656965093,0.8130336674657798,1.0,0.0,0.0,0.0,1.0,0.0,1.0,0.0,0.0,0.0,0.0,0.0,0.0,0.0,0.0,0.0,0.0,1.0,0.0,1.0
0.9294128989581154,-0.5546661333371994,0.35787239698086803,-0.47072241016576966,-0.47934163551176356,-1.6141360232496715,0.0,1.0,0.0,0.0,1.0,0.0,0.0,1.0,0.0,0.0,0.0,0.0,0.0,0.0,0.0,1.0,0.0,0.0,1.0,0.0
1.5169099439548335,-0.5546661333371994,-0.3229354857942215,-0.47072241016576966,-0.47934163551176356,-0.40055117789194583,0.0,1.0,0.0,0.0,1.0,0.0,0.0,1.0,0.0,0.0,0.0,0.0,0.0,0.0,0.0,0.0,0.0,1.0,0.0,1.0
-1.934635195400885,0.6348588273136618,0.028088519813981597,0.3799231635348091,0.7847000107266648,-0.40055117789194583,0.0,1.0,0.0,0.0,1.0,1.0,0.0,0.0,0.0,0.0,0.0,0.0,0.0,0.0,0.0,0.0,0.0,1.0,0.0,1.0
1.1497242908318845,-0.5546661333371994,2.525877242903418,-0.47072241016576966,-0.47934163551176356,-1.6141360232496715,0.0,1.0,1.0,0.0,0.0,0.0,0.0,1.0,0.0,0.0,0.0,0.0,0.0,0.0,0.0,0.0,0.0,1.0,0.0,1.0
-0.8330782360320387,0.6348588273136618,-0.0114054491754864,1.2305687372353877,-0.47934163551176356,0.8130336674657798,1.0,0.0,0.0,0.0,1.0,0.0,1.0,0.0,0.0,0.0,0.0,0.0,0.0,0.0,0.0,0.0,0.0,1.0,0.0,1.0
-0.8330782360320387,0.6348588273136618,-0.7903253443490756,0.3799231635348091,0.7847000107266648,0.8130336674657798,0.0,1.0,0.0,0.0,1.0,0.0,0.0,1.0,0.0,0.0,0.0,0.0,0.0,0.0,0.0,0.0,0.0,1.0,0.0,1.0
1.076287160207295,0.6348588273136618,1.5865525321341436,1.2305687372353877,-0.47934163551176356,-1.6141360232496715,0.0,1.0,0.0,1.0,0.0,0.0,0.0,0.0,0.0,1.0,0.0,0.0,0.0,1.0,0.0,0.0,0.0,0.0,1.0,0.0
1.1497242908318845,-0.5546661333371994,0.48799907229564676,-0.47072241016576966,-0.47934163551176356,-1.6141360232496715,0.0,1.0,0.0,0.0,1.0,0.0,0.0,1.0,0.0,0.0,0.0,0.0,0.0,0.0,1.0,0.0,0.0,0.0,1.0,0.0
1.1497242908318845,-0.5546661333371994,0.8312456568558175,-0.47072241016576966,-0.47934163551176356,-1.6141360232496715,0.0,1.0,0.0,0.0,1.0,0.0,0.0,1.0,0.0,0.0,0.0,0.0,0.0,0.0,0.0,0.0,0.0,1.0,0.0,1.0
-0.3190183216599104,0.040096346988231245,0.2746592692781365,0.3799231635348091,-0.47934163551176356,0.8130336674657798,0.0,1.0,0.0,1.0,0.0,0.0,0.0,1.0,0.0,0.0,0.0,0.0,0.0,0.0,0.0,0.0,0.0,1.0,0.0,1.0
-0.9799524972812181,-0.5546661333371994,-0.799491399874797,-0.47072241016576966,-0.47934163551176356,0.8130336674657798,0.0,1.0,0.0,0.0,1.0,0.0,0.0,1.0,0.0,0.0,0.0,0.0,0.0,0.0,0.0,0.0,0.0,1.0,0.0,1.0
-0.09870692978614112,-0.5546661333371994,-0.8547279165031052,-0.47072241016576966,-0.47934163551176356,0.8130336674657798,0.0,1.0,0.0,0.0,1.0,0.0,0.0,1.0,0.0,0.0,0.0,0.0,0.0,0.0,0.0,0.0,0.0,1.0,0.0,1.0
-0.5393297135336796,-0.5546661333371994,-0.7855436396344988,-0.47072241016576966,-0.47934163551176356,0.8130336674657798,0.0,1.0,0.0,0.0,1.0,0.0,0.0,1.0,0.0,0.0,0.0,0.0,0.0,0.0,0.0,0.0,0.0,1.0,0.0,1.0
-1.8611980647762951,0.6348588273136618,0.22691287561651188,0.3799231635348091,0.7847000107266648,-0.40055117789194583,1.0,0.0,0.0,0.0,1.0,0.0,1.0,0.0,0.0,0.0,0.0,0.0,0.0,0.0,0.0,0.0,0.0,1.0,0.0,1.0
-0.02526979916155138,-0.5546661333371994,-0.3229354857942215,-0.47072241016576966,-0.47934163551176356,-0.40055117789194583,0.0,1.0,0.0,0.0,1.0,0.0,0.0,1.0,0.0,0.0,0.0,0.0,0.0,0.0,0.0,0.0,0.0,1.0,0.0,1.0
-0.39245545228450013,-0.5546661333371994,-0.87590731778823,-0.47072241016576966,-0.47934163551176356,0.8130336674657798,0.0,1.0,0.0,0.0,1.0,0.0,0.0,1.0,0.0,0.0,0.0,0.0,0.0,0.0,0.0,0.0,0.0,1.0,0.0,1.0
0.04816733146303837,-0.5546661333371994,-0.37143359393707387,-0.47072241016576966,-0.47934163551176356,-0.40055117789194583,1.0,0.0,0.0,1.0,0.0,0.0,1.0,0.0,0.0,0.0,0.0,0.0,0.0,0.0,0.0,0.0,0.0,1.0,0.0,1.0
-0.02526979916155138,0.6348588273136618,-0.17116300515672123,-0.47072241016576966,2.048741656965093,0.8130336674657798,1.0,0.0,1.0,0.0,0.0,0.0,0.0,0.0,1.0,0.0,0.0,0.0,0.0,0.0,0.0,0.0,0.0,1.0,0.0,1.0
-0.39245545228450013,-0.5546661333371994,-0.6164095917111074,-0.47072241016576966,-0.47934163551176356,0.8130336674657798,0.0,1.0,0.0,0.0,1.0,0.0,0.0,1.0,0.0,0.0,0.0,0.0,0.0,0.0,0.0,0.0,0.0,1.0,0.0,1.0
1.1497242908318845,0.6348588273136618,2.1989640934072487,0.3799231635348091,0.7847000107266648,-1.6141360232496715,1.0,0.0,0.0,0.0,1.0,0.0,0.0,0.0,1.0,0.0,0.0,0.0,0.0,0.0,0.0,0.0,0.0,1.0,0.0,1.0
0.19504159271221788,-0.5546661333371994,-0.3229354857942215,-0.47072241016576966,-0.47934163551176356,-0.40055117789194583,1.0,0.0,0.0,0.0,1.0,0.0,0.0,0.0,1.0,0.0,0.0,0.0,0.0,0.0,0.0,0.0,0.0,1.0,0.0,1.0
-0.6127668441582694,-0.5546661333371994,-0.7822005884264942,-0.47072241016576966,-0.47934163551176356,0.8130336674657798,0.0,1.0,0.0,0.0,1.0,0.0,0.0,1.0,0.0,0.0,0.0,0.0,0.0,0.0,0.0,0.0,0.0,1.0,0.0,1.0
0.41535298458598713,-0.5546661333371994,3.351442418633715,-0.47072241016576966,-0.47934163551176356,-1.6141360232496715,0.0,1.0,1.0,0.0,0.0,0.0,0.0,1.0,0.0,0.0,0.0,0.0,1.0,0.0,0.0,0.0,0.0,0.0,1.0,0.0
-0.8330782360320387,5.392958669917107,1.3268899785322608,6.33444217943886,2.048741656965093,0.8130336674657798,1.0,0.0,0.0,0.0,1.0,0.0,1.0,0.0,0.0,0.0,0.0,0.0,0.0,0.0,0.0,0.0,0.0,1.0,0.0,1.0
-0.09870692978614112,0.6348588273136618,0.2374843013370833,1.2305687372353877,-0.47934163551176356,0.8130336674657798,0.0,1.0,0.0,1.0,0.0,0.0,0.0,1.0,0.0,0.0,0.0,0.0,0.0,0.0,0.0,0.0,0.0,1.0,0.0,1.0
0.48879011521057686,0.040096346988231245,3.351442418633715,-0.47072241016576966,0.7847000107266648,-1.6141360232496715,0.0,1.0,1.0,0.0,0.0,0.0,0.0,1.0,0.0,0.0,0.0,0.0,1.0,0.0,0.0,0.0,0.0,0.0,1.0,0.0
0.8559757683335256,2.4191462682899534,0.7654077524406184,-0.47072241016576966,5.840866595680379,0.8130336674657798,1.0,0.0,0.0,0.0,1.0,0.0,0.0,0.0,1.0,0.0,0.0,0.0,0.0,0.0,0.0,0.0,0.0,1.0,0.0,1.0
-0.46589258290908986,-0.5546661333371994,-0.8259898625109451,-0.47072241016576966,-0.47934163551176356,0.8130336674657798,1.0,0.0,0.0,0.0,1.0,0.0,1.0,0.0,0.0,0.0,0.0,0.0,0.0,0.0,0.0,0.0,0.0,1.0,0.0,1.0
0.3419158539613974,0.6348588273136618,-0.22570638297085982,0.3799231635348091,0.7847000107266648,0.8130336674657798,0.0,1.0,0.0,0.0,1.0,0.0,0.0,1.0,0.0,0.0,0.0,0.0,0.0,0.0,0.0,0.0,0.0,1.0,0.0,1.0
-0.02526979916155138,-0.5546661333371994,0.5822321863196979,-0.47072241016576966,-0.47934163551176356,-0.40055117789194583,1.0,0.0,0.0,0.0,1.0,0.0,1.0,0.0,0.0,0.0,0.0,0.0,0.0,0.0,0.0,0.0,0.0,1.0,0.0,1.0
-0.09870692978614112,-0.5546661333371994,0.2746592692781365,-0.47072241016576966,-0.47934163551176356,0.8130336674657798,0.0,1.0,0.0,1.0,0.0,0.0,0.0,1.0,0.0,0.0,0.0,0.0,0.0,0.0,0.0,0.0,0.0,1.0,0.0,1.0
-1.053389627905808,-0.5546661333371994,-0.8655230802337704,-0.47072241016576966,-0.47934163551176356,0.8130336674657798,1.0,0.0,1.0,0.0,0.0,0.0,1.0,0.0,0.0,0.0,0.0,0.0,0.0,0.0,0.0,0.0,0.0,1.0,0.0,1.0
-0.09870692978614112,-0.5546661333371994,-0.7680121336586697,-0.47072241016576966,-0.47934163551176356,0.8130336674657798,0.0,1.0,0.0,0.0,1.0,0.0,0.0,1.0,0.0,0.0,0.0,0.0,0.0,0.0,0.0,0.0,0.0,1.0,0.0,1.0
-0.8330782360320387,-0.5546661333371994,-0.799491399874797,-0.47072241016576966,-0.47934163551176356,0.8130336674657798,1.0,0.0,0.0,0.0,1.0,0.0,1.0,0.0,0.0,0.0,0.0,0.0,0.0,0.0,0.0,0.0,0.0,1.0,0.0,1.0
0.04816733146303837,-0.5546661333371994,-0.7680121336586697,-0.47072241016576966,-0.47934163551176356,0.8130336674657798,0.0,1.0,0.0,0.0,1.0,0.0,0.0,1.0,0.0,0.0,0.0,0.0,0.0,0.0,0.0,0.0,0.0,1.0,0.0,1.0
0.19504159271221788,0.6348588273136618,1.38246424473573,1.2305687372353877,-0.47934163551176356,-0.40055117789194583,0.0,1.0,0.0,0.0,1.0,0.0,0.0,1.0,0.0,0.0,0.0,0.0,0.0,0.0,0.0,0.0,0.0,1.0,0.0,1.0
-1.8611980647762951,2.4191462682899534,0.45879080236848147,2.931859884636545,0.7847000107266648,0.8130336674657798,0.0,1.0,0.0,1.0,0.0,1.0,0.0,0.0,0.0,0.0,0.0,0.0,0.0,0.0,0.0,0.0,0.0,1.0,0.0,1.0
-2.0080723260254745,2.4191462682899534,0.45879080236848147,2.931859884636545,0.7847000107266648,0.8130336674657798,0.0,1.0,0.0,1.0,0.0,1.0,0.0,0.0,0.0,0.0,0.0,0.0,0.0,0.0,0.0,0.0,0.0,1.0,0.0,1.0
-0.09870692978614112,-0.5546661333371994,-0.7680121336586697,-0.47072241016576966,-0.47934163551176356,0.8130336674657798,0.0,1.0,0.0,0.0,1.0,0.0,0.0,1.0,0.0,0.0,0.0,0.0,0.0,0.0,0.0,0.0,0.0,1.0,0.0,1.0
-0.09870692978614112,0.6348588273136618,0.16916758344111707,1.2305687372353877,-0.47934163551176356,0.8130336674657798,0.0,1.0,1.0,0.0,0.0,0.0,0.0,1.0,0.0,0.0,0.0,0.0,0.0,0.0,0.0,0.0,0.0,1.0,0.0,1.0
1.370035682705654,-0.5546661333371994,0.3443887604803024,-0.47072241016576966,-0.47934163551176356,-1.6141360232496715,1.0,0.0,0.0,0.0,1.0,0.0,0.0,0.0,1.0,0.0,0.0,0.0,0.0,0.0,1.0,0.0,0.0,0.0,1.0,0.0
0.12160446208762812,-0.5546661333371994,-0.8024019109872726,-0.47072241016576966,-0.47934163551176356,0.8130336674657798,0.0,1.0,0.0,1.0,0.0,0.0,0.0,1.0,0.0,0.0,0.0,0.0,0.0,0.0,0.0,0.0,0.0,1.0,0.0,1.0
1.2965985520810641,-0.5546661333371994,0.6124094130682093,-0.47072241016576966,-0.47934163551176356,-1.6141360232496715,0.0,1.0,0.0,0.0,1.0,0.0,0.0,1.0,0.0,0.0,0.0,0.0,0.0,0.0,1.0,0.0,0.0,0.0,1.0,0.0
-0.24558119103532064,0.040096346988231245,-0.1188872358162066,0.3799231635348091,-0.47934163551176356,0.8130336674657798,1.0,0.0,0.0,0.0,1.0,0.0,0.0,0.0,1.0,0.0,0.0,0.0,0.0,0.0,0.0,0.0,0.0,1.0,0.0,1.0
-1.4940124116533464,3.6086712289408145,0.9318880073734521,3.7825054583371243,2.048741656965093,0.8130336674657798,0.0,1.0,0.0,0.0,1.0,1.0,0.0,0.0,0.0,0.0,0.0,0.0,0.0,0.0,0.0,0.0,0.0,1.0,0.0,1.0
-0.7596411054074489,-0.5546661333371994,-0.7680121336586697,-0.47072241016576966,-0.47934163551176356,0.8130336674657798,0.0,1.0,0.0,0.0,1.0,0.0,0.0,1.0,0.0,0.0,0.0,0.0,0.0,0.0,0.0,0.0,0.0,1.0,0.0,1.0
-0.09870692978614112,-0.5546661333371994,-0.7680121336586697,-0.47072241016576966,-0.47934163551176356,0.8130336674657798,0.0,1.0,0.0,0.0,1.0,0.0,0.0,1.0,0.0,0.0,0.0,0.0,0.0,0.0,0.0,0.0,0.0,1.0,0.0,1.0
-0.5393297135336796,-0.5546661333371994,-0.6310880241314507,-0.47072241016576966,-0.47934163551176356,0.8130336674657798,0.0,1.0,0.0,0.0,1.0,0.0,0.0,1.0,0.0,0.0,0.0,0.0,0.0,0.0,0.0,0.0,0.0,1.0,0.0,1.0
-0.09870692978614112,-0.5546661333371994,-0.8655230802337704,-0.47072241016576966,-0.47934163551176356,0.8130336674657798,0.0,1.0,1.0,0.0,0.0,0.0,0.0,1.0,0.0,0.0,0.0,0.0,0.0,0.0,0.0,0.0,0.0,1.0,0.0,1.0
-0.09870692978614112,0.040096346988231245,0.5822321863196979,-0.47072241016576966,0.7847000107266648,-0.40055117789194583,0.0,1.0,0.0,0.0,1.0,0.0,0.0,0.0,0.0,1.0,0.0,0.0,0.0,0.0,0.0,0.0,0.0,1.0,0.0,1.0
-0.39245545228450013,2.4191462682899534,0.028088519813981597,1.2305687372353877,3.312783303203522,-0.40055117789194583,1.0,0.0,0.0,0.0,1.0,0.0,0.0,0.0,1.0,0.0,0.0,0.0,0.0,0.0,0.0,0.0,0.0,1.0,0.0,1.0
-0.9065153666566284,-0.5546661333371994,-0.7012059848131963,-0.47072241016576966,-0.47934163551176356,0.8130336674657798,0.0,1.0,0.0,0.0,1.0,0.0,0.0,1.0,0.0,0.0,0.0,0.0,0.0,0.0,0.0,0.0,0.0,1.0,0.0,1.0
-0.3190183216599104,0.040096346988231245,-0.1553244467531785,0.3799231635348091,-0.47934163551176356,0.8130336674657798,0.0,1.0,0.0,1.0,0.0,0.0,0.0,1.0,0.0,0.0,0.0,0.0,0.0,0.0,0.0,0.0,0.0,1.0,0.0,1.0
-1.7143238035271156,1.8243837879645228,0.32671611064082623,2.0812143109359664,0.7847000107266648,0.8130336674657798,1.0,0.0,0.0,0.0,1.0,0.0,1.0,0.0,0.0,0.0,0.0,0.0,0.0,0.0,0.0,0.0,0.0,1.0,0.0,1.0
-0.6127668441582694,-0.5546661333371994,-0.7680121336586697,-0.47072241016576966,-0.47934163551176356,0.8130336674657798,0.0,1.0,0.0,0.0,1.0,0.0,0.0,1.0,0.0,0.0,0.0,0.0,0.0,0.0,0.0,0.0,0.0,1.0,0.0,1.0
1.590347074579423,-0.5546661333371994,0.3676389646316987,-0.47072241016576966,-0.47934163551176356,-1.6141360232496715,0.0,1.0,0.0,0.0,1.0,0.0,0.0,1.0,0.0,0.0,0.0,0.0,0.0,0.0,0.0,1.0,0.0,0.0,1.0,0.0
-1.934635195400885,1.8243837879645228,0.1416214723374965,2.0812143109359664,0.7847000107266648,0.8130336674657798,1.0,0.0,0.0,0.0,1.0,0.0,1.0,0.0,0.0,0.0,0.0,0.0,0.0,0.0,0.0,0.0,0.0,1.0,0.0,1.0
-2.0815094566500645,1.2296213076390923,0.05401122766671204,1.2305687372353877,0.7847000107266648,0.8130336674657798,1.0,0.0,1.0,0.0,0.0,0.0,1.0,0.0,0.0,0.0,0.0,0.0,0.0,0.0,0.0,0.0,0.0,1.0,0.0,1.0
-0.09870692978614112,-0.5546661333371994,-0.8650022939791525,-0.47072241016576966,-0.47934163551176356,0.8130336674657798,0.0,1.0,1.0,0.0,0.0,0.0,0.0,1.0,0.0,0.0,0.0,0.0,0.0,0.0,0.0,0.0,0.0,1.0,0.0,1.0
0.3419158539613974,-0.5546661333371994,-0.7680121336586697,-0.47072241016576966,-0.47934163551176356,0.8130336674657798,0.0,1.0,0.0,0.0,1.0,0.0,0.0,1.0,0.0,0.0,0.0,0.0,0.0,0.0,0.0,0.0,0.0,1.0,0.0,1.0
-0.8330782360320387,0.040096346988231245,0.22691287561651188,-0.47072241016576966,0.7847000107266648,-0.40055117789194583,1.0,0.0,0.0,0.0,1.0,0.0,1.0,0.0,0.0,0.0,0.0,0.0,0.0,0.0,0.0,0.0,0.0,1.0,0.0,1.0
1.076287160207295,-0.5546661333371994,0.4100959634310145,-0.47072241016576966,-0.47934163551176356,-1.6141360232496715,1.0,0.0,1.0,0.0,0.0,0.0,0.0,0.0,1.0,0.0,0.0,0.0,1.0,0.0,0.0,0.0,0.0,0.0,1.0,0.0
-0.09870692978614112,-0.5546661333371994,-0.21910355439909165,-0.47072241016576966,-0.47934163551176356,0.8130336674657798,0.0,1.0,0.0,0.0,1.0,0.0,0.0,1.0,0.0,0.0,0.0,0.0,0.0,0.0,0.0,0.0,0.0,1.0,0.0,1.0
-0.09870692978614112,-0.5546661333371994,-0.6164095917111074,-0.47072241016576966,-0.47934163551176356,0.8130336674657798,0.0,1.0,0.0,0.0,1.0,0.0,0.0,1.0,0.0,0.0,0.0,0.0,0.0,0.0,0.0,0.0,0.0,1.0,0.0,1.0
0.5622272458351666,-0.5546661333371994,-0.6079437053405502,-0.47072241016576966,-0.47934163551176356,0.8130336674657798,1.0,0.0,0.0,0.0,1.0,0.0,1.0,0.0,0.0,0.0,0.0,0.0,0.0,0.0,0.0,0.0,0.0,1.0,0.0,1.0
-0.6127668441582694,0.040096346988231245,-0.43854586885270497,0.3799231635348091,-0.47934163551176356,-0.40055117789194583,0.0,1.0,0.0,0.0,1.0,0.0,0.0,1.0,0.0,0.0,0.0,0.0,0.0,0.0,0.0,0.0,0.0,1.0,0.0,1.0
0.48879011521057686,0.040096346988231245,1.453211264057579,0.3799231635348091,-0.47934163551176356,-1.6141360232496715,0.0,1.0,0.0,0.0,1.0,0.0,0.0,1.0,0.0,0.0,0.0,0.0,0.0,1.0,0.0,0.0,0.0,0.0,1.0,0.0
0.19504159271221788,-0.5546661333371994,-0.7822005884264942,-0.47072241016576966,-0.47934163551176356,0.8130336674657798,0.0,1.0,0.0,0.0,1.0,0.0,0.0,1.0,0.0,0.0,0.0,0.0,0.0,0.0,0.0,0.0,0.0,1.0,0.0,1.0
-0.8330782360320387,1.2296213076390923,0.24586326797402766,0.3799231635348091,2.048741656965093,0.8130336674657798,1.0,0.0,0.0,0.0,1.0,0.0,1.0,0.0,0.0,0.0,0.0,0.0,0.0,0.0,0.0,0.0,0.0,1.0,0.0,1.0
-0.24558119103532064,-0.5546661333371994,-0.799491399874797,-0.47072241016576966,-0.47934163551176356,0.8130336674657798,0.0,1.0,0.0,0.0,1.0,0.0,0.0,1.0,0.0,0.0,0.0,0.0,0.0,0.0,0.0,0.0,0.0,1.0,0.0,1.0
3.7200238626925257,-0.5546661333371994,0.48799907229564676,-0.47072241016576966,-0.47934163551176356,-1.6141360232496715,0.0,1.0,0.0,0.0,1.0,0.0,0.0,1.0,0.0,0.0,0.0,1.0,0.0,0.0,0.0,0.0,0.0,0.0,1.0,0.0
1.957532727702372,-0.5546661333371994,-0.7680121336586697,-0.47072241016576966,-0.47934163551176356,0.8130336674657798,0.0,1.0,0.0,0.0,1.0,0.0,0.0,1.0,0.0,0.0,0.0,0.0,0.0,0.0,0.0,0.0,0.0,1.0,0.0,1.0
2.251281250200731,0.6348588273136618,0.7480231830350846,0.3799231635348091,0.7847000107266648,-0.40055117789194583,0.0,1.0,0.0,0.0,1.0,0.0,0.0,1.0,0.0,0.0,0.0,0.0,0.0,0.0,0.0,0.0,0.0,1.0,0.0,1.0
-0.09870692978614112,-0.5546661333371994,-0.8043507689082905,-0.47072241016576966,-0.47934163551176356,0.8130336674657798,0.0,1.0,0.0,1.0,0.0,0.0,0.0,1.0,0.0,0.0,0.0,0.0,0.0,0.0,0.0,0.0,0.0,1.0,0.0,1.0
-0.8330782360320387,-0.5546661333371994,-0.799491399874797,-0.47072241016576966,-0.47934163551176356,0.8130336674657798,0.0,1.0,0.0,0.0,1.0,0.0,0.0,1.0,0.0,0.0,0.0,0.0,0.0,0.0,0.0,0.0,0.0,1.0,0.0,1.0
-1.1268267585303977,0.040096346988231245,-0.22212234643632833,0.3799231635348091,-0.47934163551176356,0.8130336674657798,1.0,0.0,1.0,0.0,0.0,0.0,1.0,0.0,0.0,0.0,0.0,0.0,0.0,0.0,0.0,0.0,0.0,1.0,0.0,1.0
-0.7596411054074489,-0.5546661333371994,-0.52360623749073,-0.47072241016576966,-0.47934163551176356,-0.40055117789194583,0.0,1.0,0.0,0.0,1.0,0.0,0.0,1.0,0.0,0.0,0.0,0.0,0.0,0.0,0.0,0.0,0.0,1.0,0.0,1.0
-1.8611980647762951,1.2296213076390923,0.7480231830350846,1.2305687372353877,0.7847000107266648,-0.40055117789194583,1.0,0.0,0.0,0.0,1.0,0.0,1.0,0.0,0.0,0.0,0.0,0.0,0.0,0.0,0.0,0.0,1.0,0.0,1.0,0.0
0.2684787233368076,-0.5546661333371994,-0.702082646787593,-0.47072241016576966,-0.47934163551176356,0.8130336674657798,0.0,1.0,0.0,0.0,1.0,0.0,0.0,1.0,0.0,0.0,0.0,0.0,0.0,0.0,0.0,0.0,0.0,1.0,0.0,1.0
-0.6127668441582694,-0.5546661333371994,-0.8043507689082905,-0.47072241016576966,-0.47934163551176356,0.8130336674657798,0.0,1.0,0.0,1.0,0.0,0.0,0.0,1.0,0.0,0.0,0.0,0.0,0.0,0.0,0.0,0.0,0.0,1.0,0.0,1.0
-1.4205752810287566,0.6348588273136618,0.2746592692781365,-0.47072241016576966,2.048741656965093,0.8130336674657798,1.0,0.0,0.0,0.0,1.0,0.0,1.0,0.0,0.0,0.0,0.0,0.0,0.0,0.0,0.0,0.0,0.0,1.0,0.0,1.0
1.2965985520810641,-0.5546661333371994,-0.18671564516134065,-0.47072241016576966,-0.47934163551176356,-0.40055117789194583,0.0,1.0,0.0,0.0,1.0,0.0,0.0,1.0,0.0,0.0,0.0,0.0,0.0,0.0,0.0,0.0,0.0,1.0,0.0,1.0
-2.0080723260254745,3.013908748615384,0.5291162981063051,2.931859884636545,2.048741656965093,0.8130336674657798,1.0,0.0,0.0,0.0,1.0,0.0,1.0,0.0,0.0,0.0,0.0,0.0,0.0,0.0,0.0,0.0,0.0,1.0,0.0,1.0
-0.02526979916155138,0.040096346988231245,0.3470672904774781,0.3799231635348091,-0.47934163551176356,-0.40055117789194583,1.0,0.0,0.0,0.0,1.0,0.0,0.0,0.0,1.0,0.0,0.0,0.0,0.0,0.0,0.0,0.0,0.0,1.0,0.0,1.0
-0.5393297135336796,0.040096346988231245,1.2833163091094877,0.3799231635348091,-0.47934163551176356,-1.6141360232496715,1.0,0.0,0.0,0.0,1.0,0.0,0.0,0.0,1.0,0.0,0.0,0.0,0.0,1.0,0.0,0.0,0.0,0.0,1.0,0.0
-0.09870692978614112,0.040096346988231245,-0.1339115641296434,0.3799231635348091,-0.47934163551176356,0.8130336674657798,0.0,1.0,0.0,0.0,1.0,0.0,0.0,1.0,0.0,0.0,0.0,0.0,0.0,0.0,0.0,0.0,0.0,1.0,0.0,1.0
1.1497242908318845,-0.5546661333371994,0.47807873363611597,-0.47072241016576966,-0.47934163551176356,-1.6141360232496715,0.0,1.0,1.0,0.0,0.0,0.0,0.0,1.0,0.0,0.0,0.0,0.0,0.0,1.0,0.0,0.0,0.0,0.0,1.0,0.0
-0.24558119103532064,-0.5546661333371994,0.030023645502567028,-0.47072241016576966,-0.47934163551176356,0.8130336674657798,0.0,1.0,1.0,0.0,0.0,0.0,0.0,1.0,0.0,0.0,0.0,0.0,0.0,0.0,0.0,0.0,0.0,1.0,0.0,1.0
0.2684787233368076,-0.5546661333371994,-0.6164095917111074,-0.47072241016576966,-0.47934163551176356,0.8130336674657798,0.0,1.0,0.0,0.0,1.0,0.0,0.0,1.0,0.0,0.0,0.0,0.0,0.0,0.0,0.0,0.0,0.0,1.0,0.0,1.0
-0.17214406041073088,-0.5546661333371994,-0.52360623749073,-0.47072241016576966,-0.47934163551176356,-0.40055117789194583,1.0,0.0,0.0,0.0,1.0,0.0,1.0,0.0,0.0,0.0,0.0,0.0,0.0,0.0,0.0,1.0,0.0,0.0,1.0,0.0
-0.17214406041073088,0.6348588273136618,-0.4689202461031531,-0.47072241016576966,2.048741656965093,0.8130336674657798,1.0,0.0,0.0,0.0,1.0,0.0,0.0,0.0,1.0,0.0,0.0,0.0,0.0,0.0,0.0,0.0,0.0,1.0,0.0,1.0
0.3419158539613974,-0.5546661333371994,-0.3229354857942215,-0.47072241016576966,-0.47934163551176356,-0.40055117789194583,0.0,1.0,0.0,0.0,1.0,0.0,0.0,1.0,0.0,0.0,0.0,0.0,0.0,0.0,0.0,0.0,0.0,1.0,0.0,1.0
-0.09870692978614112,-0.5546661333371994,-0.8650022939791525,-0.47072241016576966,-0.47934163551176356,0.8130336674657798,0.0,1.0,1.0,0.0,0.0,0.0,0.0,1.0,0.0,0.0,0.0,0.0,0.0,0.0,0.0,0.0,0.0,1.0,0.0,1.0
0.04816733146303837,-0.5546661333371994,0.41113259070569524,-0.47072241016576966,-0.47934163551176356,-1.6141360232496715,0.0,1.0,1.0,0.0,0.0,0.0,0.0,1.0,0.0,0.0,0.0,0.0,0.0,1.0,0.0,0.0,0.0,0.0,1.0,0.0
0.04816733146303837,0.040096346988231245,-0.1188872358162066,0.3799231635348091,-0.47934163551176356,0.8130336674657798,0.0,1.0,0.0,0.0,1.0,0.0,0.0,1.0,0.0,0.0,0.0,0.0,0.0,0.0,0.0,0.0,0.0,1.0,0.0,1.0
-0.02526979916155138,-0.5546661333371994,-0.37143359393707387,-0.47072241016576966,-0.47934163551176356,-0.40055117789194583,1.0,0.0,0.0,1.0,0.0,0.0,1.0,0.0,0.0,0.0,0.0,0.0,0.0,0.0,0.0,1.0,0.0,0.0,1.0,0.0
-0.09870692978614112,-0.5546661333371994,-0.799491399874797,-0.47072241016576966,-0.47934163551176356,0.8130336674657798,0.0,1.0,0.0,0.0,1.0,0.0,0.0,1.0,0.0,0.0,0.0,0.0,0.0,0.0,0.0,0.0,0.0,1.0,0.0,1.0
1.7372213358286026,0.6348588273136618,1.0250276159368186,1.2305687372353877,-0.47934163551176356,-1.6141360232496715,1.0,0.0,0.0,0.0,1.0,0.0,0.0,0.0,1.0,0.0,0.0,0.0,0.0,1.0,0.0,0.0,0.0,0.0,1.0,0.0
0.19504159271221788,-0.5546661333371994,-0.7822005884264942,-0.47072241016576966,-0.47934163551176356,0.8130336674657798,0.0,1.0,0.0,0.0,1.0,0.0,0.0,1.0,0.0,0.0,0.0,0.0,0.0,0.0,0.0,0.0,0.0,1.0,0.0,1.0
1.6637842052040128,-0.5546661333371994,-0.3229354857942215,-0.47072241016576966,-0.47934163551176356,-0.40055117789194583,0.0,1.0,0.0,0.0,1.0,0.0,0.0,1.0,0.0,0.0,0.0,0.0,0.0,0.0,0.0,0.0,0.0,1.0,0.0,1.0
1.6637842052040128,0.6348588273136618,1.4633809029489055,0.3799231635348091,0.7847000107266648,-1.6141360232496715,0.0,1.0,0.0,0.0,1.0,0.0,0.0,1.0,0.0,0.0,0.0,0.0,0.0,0.0,0.0,1.0,0.0,0.0,1.0,0.0
0.7091015070843462,3.013908748615384,0.5291162981063051,0.3799231635348091,5.840866595680379,0.8130336674657798,1.0,0.0,0.0,0.0,1.0,0.0,0.0,0.0,1.0,0.0,0.0,0.0,0.0,0.0,0.0,0.0,0.0,1.0,0.0,1.0
-2.0080723260254745,1.2296213076390923,2.1135870410488122,0.3799231635348091,2.048741656965093,-1.6141360232496715,1.0,0.0,0.0,0.0,1.0,0.0,1.0,0.0,0.0,0.0,0.0,0.0,0.0,1.0,0.0,0.0,0.0,0.0,1.0,0.0
1.076287160207295,-0.5546661333371994,-0.7822005884264942,-0.47072241016576966,-0.47934163551176356,0.8130336674657798,0.0,1.0,0.0,0.0,1.0,0.0,0.0,1.0,0.0,0.0,0.0,0.0,0.0,0.0,0.0,0.0,0.0,1.0,0.0,1.0
1.590347074579423,-0.5546661333371994,-0.3581479472368228,-0.47072241016576966,-0.47934163551176356,-0.40055117789194583,0.0,1.0,0.0,0.0,1.0,0.0,0.0,0.0,0.0,1.0,0.0,0.0,0.0,0.0,0.0,0.0,0.0,1.0,0.0,1.0
0.7091015070843462,-0.5546661333371994,0.3470672904774781,-0.47072241016576966,-0.47934163551176356,-0.40055117789194583,0.0,1.0,0.0,0.0,1.0,0.0,0.0,1.0,0.0,0.0,0.0,0.0,0.0,0.0,0.0,0.0,0.0,1.0,0.0,1.0
1.2231614214564743,-0.5546661333371994,1.4576729607483656,-0.47072241016576966,-0.47934163551176356,-1.6141360232496715,0.0,1.0,1.0,0.0,0.0,0.0,0.0,1.0,0.0,0.0,0.0,0.0,1.0,0.0,0.0,0.0,0.0,0.0,1.0,0.0
-0.9065153666566284,0.6348588273136618,1.7973088975062739,-0.47072241016576966,2.048741656965093,-1.6141360232496715,0.0,1.0,1.0,0.0,0.0,0.0,0.0,1.0,0.0,0.0,0.0,0.0,0.0,1.0,0.0,0.0,0.0,0.0,1.0,0.0
0.04816733146303837,-0.5546661333371994,-0.7680121336586697,-0.47072241016576966,-0.47934163551176356,0.8130336674657798,0.0,1.0,0.0,0.0,1.0,0.0,0.0,1.0,0.0,0.0,0.0,0.0,0.0,0.0,0.0,0.0,0.0,1.0,0.0,1.0
-1.4940124116533464,1.8243837879645228,0.6226752050128669,1.2305687372353877,2.048741656965093,0.8130336674657798,1.0,0.0,0.0,0.0,1.0,0.0,1.0,0.0,0.0,0.0,0.0,0.0,0.0,0.0,0.0,0.0,0.0,1.0,0.0,1.0
-0.17214406041073088,-0.5546661333371994,-0.7970761671326828,-0.47072241016576966,-0.47934163551176356,0.8130336674657798,0.0,1.0,0.0,0.0,1.0,0.0,0.0,1.0,0.0,0.0,0.0,0.0,0.0,0.0,0.0,0.0,0.0,1.0,0.0,1.0
-0.6127668441582694,-0.5546661333371994,-0.7012059848131963,-0.47072241016576966,-0.47934163551176356,0.8130336674657798,0.0,1.0,0.0,0.0,1.0,0.0,0.0,1.0,0.0,0.0,0.0,0.0,0.0,0.0,0.0,0.0,0.0,1.0,0.0,1.0
-0.09870692978614112,-0.5546661333371994,1.1181607005832248,-0.47072241016576966,-0.47934163551176356,0.8130336674657798,0.0,1.0,0.0,0.0,1.0,0.0,0.0,1.0,0.0,0.0,0.0,0.0,0.0,0.0,0.0,0.0,0.0,1.0,0.0,1.0
-0.24558119103532064,-0.5546661333371994,-0.7855436396344988,-0.47072241016576966,-0.47934163551176356,0.8130336674657798,0.0,1.0,0.0,0.0,1.0,0.0,0.0,1.0,0.0,0.0,0.0,0.0,0.0,0.0,0.0,0.0,0.0,1.0,0.0,1.0
-1.934635195400885,0.6348588273136618,-0.13088894427998912,0.3799231635348091,0.7847000107266648,0.8130336674657798,0.0,1.0,0.0,0.0,1.0,1.0,0.0,0.0,0.0,0.0,0.0,0.0,0.0,0.0,0.0,0.0,0.0,1.0,0.0,1.0
1.370035682705654,-0.5546661333371994,-0.3229354857942215,-0.47072241016576966,-0.47934163551176356,-0.40055117789194583,0.0,1.0,0.0,0.0,1.0,0.0,0.0,1.0,0.0,0.0,0.0,0.0,0.0,0.0,0.0,0.0,0.0,1.0,0.0,1.0
0.48879011521057686,-0.5546661333371994,2.001176785033068,-0.47072241016576966,-0.47934163551176356,-1.6141360232496715,1.0,0.0,1.0,0.0,0.0,0.0,1.0,0.0,0.0,0.0,0.0,0.0,0.0,1.0,0.0,0.0,0.0,0.0,1.0,0.0
0.3419158539613974,0.040096346988231245,-0.1553244467531785,0.3799231635348091,-0.47934163551176356,0.8130336674657798,1.0,0.0,0.0,1.0,0.0,0.0,0.0,0.0,1.0,0.0,0.0,0.0,0.0,0.0,0.0,0.0,0.0,1.0,0.0,1.0
0.19504159271221788,-0.5546661333371994,-0.3229354857942215,-0.47072241016576966,-0.47934163551176356,-0.40055117789194583,1.0,0.0,0.0,0.0,1.0,0.0,1.0,0.0,0.0,0.0,0.0,0.0,0.0,0.0,0.0,1.0,0.0,0.0,1.0,0.0
0.2684787233368076,-0.5546661333371994,1.5465421705986295,-0.47072241016576966,-0.47934163551176356,-1.6141360232496715,1.0,0.0,0.0,0.0,1.0,0.0,0.0,0.0,0.0,0.0,1.0,0.0,1.0,0.0,0.0,0.0,0.0,0.0,1.0,0.0
-0.5393297135336796,1.2296213076390923,0.8117676673823178,0.3799231635348091,2.048741656965093,-0.40055117789194583,1.0,0.0,1.0,0.0,0.0,0.0,0.0,0.0,1.0,0.0,0.0,0.0,0.0,0.0,0.0,0.0,0.0,1.0,0.0,1.0
-0.7596411054074489,-0.5546661333371994,-0.9262061810938301,-0.47072241016576966,-0.47934163551176356,0.8130336674657798,0.0,1.0,0.0,1.0,0.0,0.0,0.0,1.0,0.0,0.0,0.0,0.0,0.0,0.0,0.0,0.0,0.0,1.0,0.0,1.0
3.2794010789449874,-0.5546661333371994,-0.799491399874797,-0.47072241016576966,-0.47934163551176356,0.8130336674657798,0.0,1.0,0.0,0.0,1.0,0.0,0.0,1.0,0.0,0.0,0.0,0.0,0.0,0.0,0.0,0.0,0.0,1.0,0.0,1.0
0.9294128989581154,0.040096346988231245,-0.7288475370904332,-0.47072241016576966,0.7847000107266648,0.8130336674657798,0.0,1.0,0.0,0.0,1.0,0.0,0.0,1.0,0.0,0.0,0.0,0.0,0.0,0.0,0.0,0.0,0.0,1.0,0.0,1.0
0.7825386377089358,-0.5546661333371994,2.1262968197435037,-0.47072241016576966,-0.47934163551176356,-1.6141360232496715,1.0,0.0,0.0,0.0,1.0,0.0,1.0,0.0,0.0,0.0,0.0,0.0,0.0,1.0,0.0,0.0,0.0,0.0,1.0,0.0
0.41535298458598713,0.6348588273136618,0.10276576112664627,0.3799231635348091,0.7847000107266648,0.8130336674657798,1.0,0.0,0.0,0.0,1.0,0.0,0.0,0.0,1.0,0.0,0.0,0.0,0.0,0.0,0.0,0.0,0.0,1.0,0.0,1.0
-0.39245545228450013,-0.5546661333371994,-0.6815999978799209,-0.47072241016576966,-0.47934163551176356,0.8130336674657798,1.0,0.0,0.0,0.0,1.0,0.0,1.0,0.0,0.0,0.0,0.0,0.0,0.0,0.0,0.0,0.0,0.0,1.0,0.0,1.0
0.7091015070843462,-0.5546661333371994,-0.7822005884264942,-0.47072241016576966,-0.47934163551176356,0.8130336674657798,0.0,1.0,0.0,0.0,1.0,0.0,0.0,1.0,0.0,0.0,0.0,0.0,0.0,0.0,0.0,0.0,0.0,1.0,0.0,1.0
0.19504159271221788,0.040096346988231245,0.49032626897396986,0.3799231635348091,-0.47934163551176356,-0.40055117789194583,0.0,1.0,1.0,0.0,0.0,0.0,0.0,1.0,0.0,0.0,0.0,0.0,0.0,0.0,0.0,0.0,0.0,1.0,0.0,1.0
-2.0815094566500645,1.2296213076390923,0.7480231830350846,1.2305687372353877,0.7847000107266648,-0.40055117789194583,0.0,1.0,0.0,0.0,1.0,1.0,0.0,0.0,0.0,0.0,0.0,0.0,0.0,0.0,0.0,0.0,1.0,0.0,1.0,0.0
0.3419158539613974,-0.5546661333371994,-0.9602276110215877,-0.47072241016576966,-0.47934163551176356,0.8130336674657798,0.0,1.0,0.0,0.0,1.0,0.0,0.0,1.0,0.0,0.0,0.0,0.0,0.0,0.0,0.0,0.0,0.0,1.0,0.0,1.0
2.54502977269909,2.4191462682899534,2.6730860600257746,0.3799231635348091,4.57682494944195,-1.6141360232496715,0.0,1.0,0.0,0.0,1.0,0.0,0.0,1.0,0.0,0.0,0.0,0.0,0.0,1.0,0.0,0.0,0.0,0.0,1.0,0.0
-0.3190183216599104,-0.5546661333371994,-0.799491399874797,-0.47072241016576966,-0.47934163551176356,0.8130336674657798,1.0,0.0,0.0,0.0,1.0,0.0,1.0,0.0,0.0,0.0,0.0,0.0,0.0,0.0,0.0,0.0,0.0,1.0,0.0,1.0
1.2965985520810641,-0.5546661333371994,-0.7680121336586697,-0.47072241016576966,-0.47934163551176356,0.8130336674657798,1.0,0.0,0.0,0.0,1.0,0.0,0.0,0.0,1.0,0.0,0.0,0.0,0.0,0.0,0.0,0.0,0.0,1.0,0.0,1.0
-2.0815094566500645,1.2296213076390923,0.1182496951518834,0.3799231635348091,2.048741656965093,0.8130336674657798,0.0,1.0,0.0,0.0,1.0,1.0,0.0,0.0,0.0,0.0,0.0,0.0,0.0,0.0,0.0,0.0,0.0,1.0,0.0,1.0
1.1497242908318845,-0.5546661333371994,-0.8970111804185843,-0.47072241016576966,-0.47934163551176356,0.8130336674657798,0.0,1.0,0.0,0.0,1.0,0.0,0.0,1.0,0.0,0.0,0.0,0.0,0.0,0.0,0.0,0.0,0.0,1.0,0.0,1.0
0.12160446208762812,0.6348588273136618,0.35646950867414806,0.3799231635348091,0.7847000107266648,-0.40055117789194583,0.0,1.0,0.0,0.0,1.0,0.0,0.0,1.0,0.0,0.0,0.0,0.0,0.0,0.0,0.0,0.0,0.0,1.0,0.0,1.0
-0.6127668441582694,0.040096346988231245,-0.5853128466035701,0.3799231635348091,-0.47934163551176356,0.8130336674657798,1.0,0.0,0.0,0.0,1.0,0.0,1.0,0.0,0.0,0.0,0.0,0.0,0.0,0.0,0.0,0.0,0.0,1.0,0.0,1.0
-0.3190183216599104,-0.5546661333371994,-0.7855436396344988,-0.47072241016576966,-0.47934163551176356,0.8130336674657798,0.0,1.0,0.0,0.0,1.0,0.0,0.0,1.0,0.0,0.0,0.0,0.0,0.0,0.0,0.0,0.0,0.0,1.0,0.0,1.0
-1.053389627905808,0.040096346988231245,2.4509294422338437,-0.47072241016576966,0.7847000107266648,-1.6141360232496715,1.0,0.0,0.0,0.0,1.0,0.0,1.0,0.0,0.0,0.0,0.0,0.0,1.0,0.0,0.0,0.0,0.0,0.0,1.0,0.0
-0.24558119103532064,-0.5546661333371994,-0.7864958935214775,-0.47072241016576966,-0.47934163551176356,0.8130336674657798,0.0,1.0,0.0,0.0,1.0,0.0,0.0,1.0,0.0,0.0,0.0,0.0,0.0,0.0,0.0,0.0,0.0,1.0,0.0,1.0
0.04816733146303837,-0.5546661333371994,-0.52360623749073,-0.47072241016576966,-0.47934163551176356,-0.40055117789194583,0.0,1.0,0.0,0.0,1.0,0.0,0.0,1.0,0.0,0.0,0.0,0.0,0.0,0.0,0.0,0.0,0.0,1.0,0.0,1.0
-0.39245545228450013,-0.5546661333371994,1.3232686277185874,-0.47072241016576966,-0.47934163551176356,-1.6141360232496715,1.0,0.0,1.0,0.0,0.0,0.0,1.0,0.0,0.0,0.0,0.0,0.0,1.0,0.0,0.0,0.0,0.0,0.0,1.0,0.0
0.41535298458598713,-0.5546661333371994,-0.52360623749073,-0.47072241016576966,-0.47934163551176356,-0.40055117789194583,0.0,1.0,0.0,0.0,1.0,0.0,0.0,1.0,0.0,0.0,0.0,0.0,0.0,0.0,0.0,0.0,0.0,1.0,0.0,1.0
2.9856525564466283,-0.5546661333371994,-0.52360623749073,-0.47072241016576966,-0.47934163551176356,-0.40055117789194583,0.0,1.0,0.0,0.0,1.0,0.0,0.0,1.0,0.0,0.0,0.0,0.0,0.0,0.0,0.0,0.0,0.0,1.0,0.0,1.0
1.1497242908318845,-0.5546661333371994,-3.015126151940294,-0.47072241016576966,-0.47934163551176356,-1.6141360232496715,0.0,1.0,0.0,0.0,1.0,0.0,0.0,1.0,0.0,0.0,0.0,0.0,1.0,0.0,0.0,0.0,0.0,0.0,1.0,0.0
-0.6127668441582694,-0.5546661333371994,-0.1188872358162066,-0.47072241016576966,-0.47934163551176356,0.8130336674657798,0.0,1.0,0.0,0.0,1.0,0.0,0.0,1.0,0.0,0.0,0.0,0.0,0.0,0.0,0.0,0.0,0.0,1.0,0.0,1.0
-0.8330782360320387,0.040096346988231245,-0.6310880241314507,-0.47072241016576966,0.7847000107266648,0.8130336674657798,1.0,0.0,0.0,0.0,1.0,0.0,0.0,0.0,1.0,0.0,0.0,0.0,0.0,0.0,0.0,0.0,0.0,1.0,0.0,1.0
-0.5393297135336796,-0.5546661333371994,-0.758196340854224,-0.47072241016576966,-0.47934163551176356,0.8130336674657798,1.0,0.0,0.0,1.0,0.0,0.0,1.0,0.0,0.0,0.0,0.0,0.0,0.0,0.0,0.0,0.0,0.0,1.0,0.0,1.0
-2.0815094566500645,3.6086712289408145,0.9318880073734521,3.7825054583371243,2.048741656965093,0.8130336674657798,0.0,1.0,0.0,0.0,1.0,1.0,0.0,0.0,0.0,0.0,0.0,0.0,0.0,0.0,0.0,0.0,0.0,1.0,0.0,1.0
-0.8330782360320387,5.392958669917107,1.3268899785322608,6.33444217943886,2.048741656965093,0.8130336674657798,1.0,0.0,0.0,0.0,1.0,0.0,1.0,0.0,0.0,0.0,0.0,0.0,0.0,0.0,0.0,0.0,0.0,1.0,0.0,1.0
-0.24558119103532064,-0.5546661333371994,1.1181607005832248,-0.47072241016576966,-0.47934163551176356,0.8130336674657798,0.0,1.0,0.0,0.0,1.0,0.0,0.0,1.0,0.0,0.0,0.0,0.0,0.0,0.0,0.0,0.0,0.0,1.0,0.0,1.0
-0.3190183216599104,0.040096346988231245,-0.799491399874797,0.3799231635348091,-0.47934163551176356,0.8130336674657798,0.0,1.0,0.0,0.0,1.0,0.0,0.0,1.0,0.0,0.0,0.0,0.0,0.0,0.0,0.0,0.0,0.0,1.0,0.0,1.0
-0.02526979916155138,-0.5546661333371994,-3.015126151940294,-0.47072241016576966,-0.47934163551176356,-0.40055117789194583,0.0,1.0,0.0,0.0,1.0,0.0,0.0,1.0,0.0,0.0,0.0,0.0,0.0,0.0,0.0,0.0,0.0,1.0,0.0,1.0
-0.6862039747828591,-0.5546661333371994,-0.6164095917111074,-0.47072241016576966,-0.47934163551176356,0.8130336674657798,0.0,1.0,0.0,0.0,1.0,0.0,0.0,1.0,0.0,0.0,0.0,0.0,0.0,0.0,0.0,0.0,0.0,1.0,0.0,1.0
1.8106584664531924,0.040096346988231245,1.4457318918907904,0.3799231635348091,-0.47934163551176356,-1.6141360232496715,1.0,0.0,1.0,0.0,0.0,0.0,1.0,0.0,0.0,0.0,0.0,0.0,0.0,0.0,1.0,0.0,0.0,0.0,1.0,0.0
-0.5393297135336796,-0.5546661333371994,-0.7680121336586697,-0.47072241016576966,-0.47934163551176356,0.8130336674657798,0.0,1.0,0.0,0.0,1.0,0.0,0.0,1.0,0.0,0.0,0.0,0.0,0.0,0.0,0.0,0.0,0.0,1.0,0.0,1.0
2.1778441195761413,-0.5546661333371994,-0.28713765654720713,-0.47072241016576966,-0.47934163551176356,-0.40055117789194583,0.0,1.0,0.0,0.0,1.0,0.0,0.0,1.0,0.0,0.0,0.0,0.0,0.0,0.0,0.0,0.0,0.0,1.0,0.0,1.0
1.8106584664531924,1.8243837879645228,0.22691287561651188,0.3799231635348091,3.312783303203522,-0.40055117789194583,1.0,0.0,0.0,0.0,1.0,0.0,0.0,0.0,1.0,0.0,0.0,0.0,0.0,0.0,0.0,0.0,0.0,1.0,0.0,1.0
-0.17214406041073088,-0.5546661333371994,0.5043215557614832,-0.47072241016576966,-0.47934163551176356,-1.6141360232496715,0.0,1.0,0.0,0.0,1.0,0.0,0.0,1.0,0.0,0.0,0.0,0.0,0.0,0.0,0.0,0.0,0.0,1.0,0.0,1.0
0.12160446208762812,0.040096346988231245,1.035101446979864,0.3799231635348091,-0.47934163551176356,-1.6141360232496715,0.0,1.0,0.0,0.0,1.0,0.0,0.0,1.0,0.0,0.0,0.0,0.0,1.0,0.0,0.0,0.0,0.0,0.0,1.0,0.0
-0.5393297135336796,-0.5546661333371994,2.001176785033068,-0.47072241016576966,-0.47934163551176356,-1.6141360232496715,0.0,1.0,1.0,0.0,0.0,0.0,0.0,1.0,0.0,0.0,0.0,0.0,0.0,0.0,0.0,0.0,0.0,1.0,0.0,1.0
0.2684787233368076,-0.5546661333371994,-1.187292377772965,-0.47072241016576966,-0.47934163551176356,-1.6141360232496715,0.0,1.0,0.0,0.0,1.0,0.0,0.0,1.0,0.0,0.0,0.0,0.0,1.0,0.0,0.0,0.0,0.0,0.0,1.0,0.0
-1.7143238035271156,0.040096346988231245,-0.36192622360374066,-0.47072241016576966,0.7847000107266648,0.8130336674657798,0.0,1.0,0.0,0.0,1.0,1.0,0.0,0.0,0.0,0.0,0.0,0.0,0.0,0.0,0.0,1.0,0.0,0.0,1.0,0.0
-1.7877609341517053,3.013908748615384,0.5326659638089819,2.931859884636545,2.048741656965093,0.8130336674657798,1.0,0.0,0.0,0.0,1.0,0.0,1.0,0.0,0.0,0.0,0.0,0.0,0.0,0.0,0.0,0.0,0.0,1.0,0.0,1.0
0.7091015070843462,-0.5546661333371994,-3.015126151940294,-0.47072241016576966,-0.47934163551176356,-1.6141360232496715,0.0,1.0,0.0,0.0,1.0,0.0,0.0,1.0,0.0,0.0,0.0,1.0,0.0,0.0,0.0,0.0,0.0,0.0,1.0,0.0
-0.39245545228450013,-0.5546661333371994,-0.7680121336586697,-0.47072241016576966,-0.47934163551176356,0.8130336674657798,0.0,1.0,0.0,0.0,1.0,0.0,0.0,1.0,0.0,0.0,0.0,0.0,0.0,0.0,0.0,0.0,0.0,1.0,0.0,1.0
1.8106584664531924,-0.5546661333371994,-0.2525535495765397,-0.47072241016576966,-0.47934163551176356,-0.40055117789194583,0.0,1.0,0.0,0.0,1.0,0.0,0.0,0.0,0.0,1.0,0.0,0.0,0.0,0.0,0.0,0.0,0.0,1.0,0.0,1.0
-0.09870692978614112,-0.5546661333371994,-0.8259898625109451,-0.47072241016576966,-0.47934163551176356,0.8130336674657798,0.0,1.0,0.0,0.0,1.0,0.0,0.0,1.0,0.0,0.0,0.0,0.0,0.0,0.0,0.0,0.0,0.0,1.0,0.0,1.0
-0.09870692978614112,-0.5546661333371994,-0.7855436396344988,-0.47072241016576966,-0.47934163551176356,0.8130336674657798,0.0,1.0,0.0,0.0,1.0,0.0,0.0,1.0,0.0,0.0,0.0,0.0,0.0,0.0,0.0,0.0,0.0,1.0,0.0,1.0
0.04816733146303837,-0.5546661333371994,-0.8650022939791525,-0.47072241016576966,-0.47934163551176356,0.8130336674657798,0.0,1.0,1.0,0.0,0.0,0.0,0.0,1.0,0.0,0.0,0.0,0.0,0.0,0.0,0.0,0.0,0.0,1.0,0.0,1.0
-0.5393297135336796,-0.5546661333371994,-0.7874490371300598,-0.47072241016576966,-0.47934163551176356,0.8130336674657798,1.0,0.0,0.0,1.0,0.0,0.0,1.0,0.0,0.0,0.0,0.0,0.0,0.0,0.0,0.0,0.0,0.0,1.0,0.0,1.0
0.41535298458598713,-0.5546661333371994,3.351442418633715,-0.47072241016576966,-0.47934163551176356,-1.6141360232496715,1.0,0.0,1.0,0.0,0.0,0.0,1.0,0.0,0.0,0.0,0.0,0.0,0.0,0.0,0.0,0.0,0.0,1.0,0.0,1.0
-0.6127668441582694,-0.5546661333371994,1.441755155530623,-0.47072241016576966,-0.47934163551176356,-1.6141360232496715,1.0,0.0,0.0,0.0,1.0,0.0,1.0,0.0,0.0,0.0,0.0,0.0,0.0,0.0,1.0,0.0,0.0,0.0,1.0,0.0
0.19504159271221788,-0.5546661333371994,0.5043215557614832,-0.47072241016576966,-0.47934163551176356,-1.6141360232496715,0.0,1.0,1.0,0.0,0.0,0.0,0.0,0.0,0.0,1.0,0.0,0.0,1.0,0.0,0.0,0.0,0.0,0.0,1.0,0.0
-0.9799524972812181,-0.5546661333371994,-0.6164095917111074,-0.47072241016576966,-0.47934163551176356,0.8130336674657798,0.0,1.0,0.0,0.0,1.0,0.0,0.0,1.0,0.0,0.0,0.0,0.0,0.0,0.0,0.0,0.0,0.0,1.0,0.0,1.0
-0.5393297135336796,-0.5546661333371994,-0.8624270734479169,-0.47072241016576966,-0.47934163551176356,0.8130336674657798,1.0,0.0,0.0,0.0,1.0,0.0,1.0,0.0,0.0,0.0,0.0,0.0,0.0,0.0,0.0,0.0,0.0,1.0,0.0,1.0
-0.09870692978614112,-0.5546661333371994,-0.7855436396344988,-0.47072241016576966,-0.47934163551176356,0.8130336674657798,0.0,1.0,0.0,0.0,1.0,0.0,0.0,1.0,0.0,0.0,0.0,0.0,0.0,0.0,0.0,0.0,0.0,1.0,0.0,1.0
0.6356643764597564,0.040096346988231245,1.5865525321341436,0.3799231635348091,-0.47934163551176356,-1.6141360232496715,0.0,1.0,0.0,0.0,1.0,0.0,0.0,1.0,0.0,0.0,0.0,0.0,0.0,1.0,0.0,0.0,0.0,0.0,1.0,0.0
-0.17214406041073088,5.392958669917107,1.3268899785322608,6.33444217943886,2.048741656965093,0.8130336674657798,0.0,1.0,0.0,0.0,1.0,0.0,0.0,1.0,0.0,0.0,0.0,0.0,0.0,0.0,0.0,0.0,0.0,1.0,0.0,1.0
-0.3190183216599104,0.040096346988231245,0.3470672904774781,0.3799231635348091,-0.47934163551176356,-0.40055117789194583,0.0,1.0,0.0,0.0,1.0,0.0,0.0,1.0,0.0,0.0,0.0,0.0,0.0,0.0,0.0,0.0,0.0,1.0,0.0,1.0
0.2684787233368076,1.2296213076390923,0.41113259070569524,0.3799231635348091,2.048741656965093,-0.40055117789194583,1.0,0.0,0.0,0.0,1.0,0.0,0.0,0.0,1.0,0.0,0.0,0.0,0.0,0.0,0.0,0.0,0.0,1.0,0.0,1.0
0.3419158539613974,0.040096346988231245,-0.1188872358162066,0.3799231635348091,-0.47934163551176356,0.8130336674657798,1.0,0.0,0.0,0.0,1.0,0.0,0.0,0.0,1.0,0.0,0.0,0.0,0.0,0.0,0.0,0.0,0.0,1.0,0.0,1.0
-0.8330782360320387,0.040096346988231245,1.7790632982083476,0.3799231635348091,-0.47934163551176356,-1.6141360232496715,0.0,1.0,1.0,0.0,0.0,0.0,0.0,1.0,0.0,0.0,0.0,0.0,0.0,1.0,0.0,0.0,0.0,0.0,1.0,0.0
-0.3190183216599104,0.040096346988231245,-0.1188872358162066,0.3799231635348091,-0.47934163551176356,0.8130336674657798,0.0,1.0,0.0,0.0,1.0,0.0,0.0,1.0,0.0,0.0,0.0,0.0,0.0,0.0,0.0,0.0,0.0,1.0,0.0,1.0
-0.09870692978614112,-0.5546661333371994,-0.7855436396344988,-0.47072241016576966,-0.47934163551176356,0.8130336674657798,0.0,1.0,0.0,0.0,1.0,0.0,0.0,1.0,0.0,0.0,0.0,0.0,0.0,0.0,0.0,0.0,0.0,1.0,0.0,1.0
-2.0080723260254745,2.4191462682899534,0.7654077524406184,2.931859884636545,0.7847000107266648,0.8130336674657798,0.0,1.0,0.0,0.0,1.0,1.0,0.0,0.0,0.0,0.0,0.0,0.0,0.0,0.0,0.0,0.0,0.0,1.0,0.0,1.0
-2.154946587274654,0.040096346988231245,-0.7167163630027585,-0.47072241016576966,0.7847000107266648,0.8130336674657798,0.0,1.0,1.0,0.0,0.0,1.0,0.0,0.0,0.0,0.0,0.0,0.0,0.0,0.0,0.0,0.0,0.0,1.0,0.0,1.0
-0.24558119103532064,-0.5546661333371994,-0.52360623749073,-0.47072241016576966,-0.47934163551176356,-0.40055117789194583,0.0,1.0,0.0,0.0,1.0,0.0,0.0,1.0,0.0,0.0,0.0,0.0,0.0,0.0,0.0,0.0,0.0,1.0,0.0,1.0
0.8559757683335256,-0.5546661333371994,-0.8780019325102421,-0.47072241016576966,-0.47934163551176356,0.8130336674657798,0.0,1.0,0.0,0.0,1.0,0.0,0.0,1.0,0.0,0.0,0.0,0.0,0.0,0.0,0.0,0.0,0.0,1.0,0.0,1.0
1.370035682705654,0.040096346988231245,1.4257504104750862,0.3799231635348091,-0.47934163551176356,-1.6141360232496715,0.0,1.0,1.0,0.0,0.0,0.0,0.0,1.0,0.0,0.0,0.0,0.0,0.0,0.0,1.0,0.0,0.0,0.0,1.0,0.0
1.370035682705654,1.2296213076390923,1.258880806636298,0.3799231635348091,2.048741656965093,-0.40055117789194583,1.0,0.0,0.0,0.0,1.0,0.0,0.0,0.0,1.0,0.0,0.0,0.0,0.0,0.0,0.0,0.0,0.0,1.0,0.0,1.0
1.370035682705654,0.040096346988231245,0.7632115547077021,0.3799231635348091,-0.47934163551176356,-1.6141360232496715,1.0,0.0,1.0,0.0,0.0,0.0,0.0,0.0,0.0,0.0,1.0,1.0,0.0,0.0,0.0,0.0,0.0,0.0,1.0,0.0
-1.8611980647762951,3.013908748615384,0.5291162981063051,2.931859884636545,2.048741656965093,0.8130336674657798,0.0,1.0,0.0,0.0,1.0,1.0,0.0,0.0,0.0,0.0,0.0,0.0,0.0,0.0,0.0,0.0,0.0,1.0,0.0,1.0
0.7091015070843462,0.040096346988231245,1.1075344187272271,0.3799231635348091,-0.47934163551176356,-1.6141360232496715,1.0,0.0,0.0,0.0,1.0,0.0,0.0,0.0,1.0,0.0,0.0,0.0,0.0,0.0,0.0,1.0,0.0,0.0,1.0,0.0
0.2684787233368076,1.2296213076390923,-0.1339115641296434,2.0812143109359664,-0.47934163551176356,0.8130336674657798,1.0,0.0,0.0,0.0,1.0,0.0,0.0,0.0,1.0,0.0,0.0,0.0,0.0,0.0,0.0,0.0,0.0,1.0,0.0,1.0
-0.02526979916155138,-0.5546661333371994,-0.52360623749073,-0.47072241016576966,-0.47934163551176356,-0.40055117789194583,0.0,1.0,0.0,0.0,1.0,0.0,0.0,1.0,0.0,0.0,0.0,0.0,0.0,0.0,0.0,0.0,0.0,1.0,0.0,1.0
1.4434728133302437,0.6348588273136618,1.7973088975062739,0.3799231635348091,0.7847000107266648,-1.6141360232496715,0.0,1.0,1.0,0.0,0.0,0.0,0.0,1.0,0.0,0.0,0.0,0.0,0.0,1.0,0.0,0.0,0.0,0.0,1.0,0.0
-1.8611980647762951,5.392958669917107,1.3268899785322608,6.33444217943886,2.048741656965093,0.8130336674657798,0.0,1.0,0.0,0.0,1.0,1.0,0.0,0.0,0.0,0.0,0.0,0.0,0.0,0.0,0.0,0.0,0.0,1.0,0.0,1.0
-0.09870692978614112,-0.5546661333371994,-0.8650022939791525,-0.47072241016576966,-0.47934163551176356,0.8130336674657798,0.0,1.0,1.0,0.0,0.0,0.0,0.0,1.0,0.0,0.0,0.0,0.0,0.0,0.0,0.0,0.0,0.0,1.0,0.0,1.0
0.9294128989581154,0.040096346988231245,1.035101446979864,0.3799231635348091,-0.47934163551176356,-1.6141360232496715,0.0,1.0,0.0,0.0,1.0,0.0,0.0,1.0,0.0,0.0,0.0,0.0,0.0,0.0,0.0,0.0,0.0,1.0,0.0,1.0
0.48879011521057686,0.6348588273136618,1.3476440230891025,-0.47072241016576966,2.048741656965093,-1.6141360232496715,1.0,0.0,0.0,0.0,1.0,0.0,1.0,0.0,0.0,0.0,0.0,0.0,1.0,0.0,0.0,0.0,0.0,0.0,1.0,0.0
2.3247183808253205,-0.5546661333371994,0.597124909981861,-0.47072241016576966,-0.47934163551176356,-1.6141360232496715,0.0,1.0,0.0,0.0,1.0,0.0,0.0,1.0,0.0,0.0,0.0,0.0,1.0,0.0,0.0,0.0,0.0,0.0,1.0,0.0
-0.8330782360320387,-0.5546661333371994,-0.9262061810938301,-0.47072241016576966,-0.47934163551176356,0.8130336674657798,1.0,0.0,0.0,1.0,0.0,0.0,1.0,0.0,0.0,0.0,0.0,0.0,0.0,0.0,0.0,0.0,0.0,1.0,0.0,1.0
-0.8330782360320387,-0.5546661333371994,-0.8324772575862044,-0.47072241016576966,-0.47934163551176356,0.8130336674657798,1.0,0.0,0.0,0.0,1.0,0.0,1.0,0.0,0.0,0.0,0.0,0.0,0.0,0.0,0.0,0.0,0.0,1.0,0.0,1.0
-2.0815094566500645,0.6348588273136618,-0.21910355439909165,0.3799231635348091,0.7847000107266648,-0.40055117789194583,0.0,1.0,0.0,0.0,1.0,1.0,0.0,0.0,0.0,0.0,0.0,0.0,0.0,0.0,0.0,0.0,0.0,1.0,0.0,1.0
0.19504159271221788,-0.5546661333371994,1.1181607005832248,-0.47072241016576966,-0.47934163551176356,0.8130336674657798,0.0,1.0,0.0,0.0,1.0,0.0,0.0,1.0,0.0,0.0,0.0,0.0,0.0,0.0,0.0,0.0,0.0,1.0,0.0,1.0
-0.09870692978614112,-0.5546661333371994,-0.7680121336586697,-0.47072241016576966,-0.47934163551176356,0.8130336674657798,0.0,1.0,0.0,0.0,1.0,0.0,0.0,1.0,0.0,0.0,0.0,0.0,0.0,0.0,0.0,0.0,0.0,1.0,0.0,1.0
-0.09870692978614112,-0.5546661333371994,-0.7680121336586697,-0.47072241016576966,-0.47934163551176356,0.8130336674657798,0.0,1.0,0.0,0.0,1.0,0.0,0.0,1.0,0.0,0.0,0.0,0.0,0.0,0.0,0.0,0.0,0.0,1.0,0.0,1.0
-0.6862039747828591,0.040096346988231245,-0.22212234643632833,0.3799231635348091,-0.47934163551176356,0.8130336674657798,1.0,0.0,1.0,0.0,0.0,0.0,1.0,0.0,0.0,0.0,0.0,0.0,0.0,0.0,0.0,0.0,0.0,1.0,0.0,1.0
-0.9799524972812181,-0.5546661333371994,-0.7680121336586697,-0.47072241016576966,-0.47934163551176356,0.8130336674657798,0.0,1.0,0.0,0.0,1.0,0.0,0.0,1.0,0.0,0.0,0.0,0.0,0.0,0.0,0.0,0.0,0.0,1.0,0.0,1.0
0.12160446208762812,0.040096346988231245,1.1270675968422692,0.3799231635348091,-0.47934163551176356,-1.6141360232496715,0.0,1.0,0.0,0.0,1.0,0.0,0.0,1.0,0.0,0.0,0.0,0.0,1.0,0.0,0.0,0.0,0.0,0.0,1.0,0.0
1.370035682705654,-0.5546661333371994,0.3676389646316987,-0.47072241016576966,-0.47934163551176356,-1.6141360232496715,0.0,1.0,0.0,0.0,1.0,0.0,0.0,1.0,0.0,0.0,0.0,0.0,0.0,0.0,0.0,1.0,0.0,0.0,1.0,0.0
-0.5393297135336796,-0.5546661333371994,-0.8655230802337704,-0.47072241016576966,-0.47934163551176356,0.8130336674657798,0.0,1.0,1.0,0.0,0.0,0.0,0.0,1.0,0.0,0.0,0.0,0.0,0.0,0.0,0.0,0.0,0.0,1.0,0.0,1.0
-1.2002638891549875,-0.5546661333371994,-0.8650022939791525,-0.47072241016576966,-0.47934163551176356,0.8130336674657798,1.0,0.0,1.0,0.0,0.0,0.0,1.0,0.0,0.0,0.0,0.0,0.0,0.0,0.0,0.0,0.0,0.0,1.0,0.0,1.0
0.19504159271221788,0.040096346988231245,-0.1339115641296434,0.3799231635348091,-0.47934163551176356,0.8130336674657798,0.0,1.0,0.0,0.0,1.0,0.0,0.0,1.0,0.0,0.0,0.0,0.0,0.0,0.0,0.0,0.0,0.0,1.0,0.0,1.0
-0.09870692978614112,0.6348588273136618,-0.7822005884264942,1.2305687372353877,-0.47934163551176356,0.8130336674657798,0.0,1.0,0.0,0.0,1.0,0.0,0.0,1.0,0.0,0.0,0.0,0.0,0.0,0.0,0.0,0.0,0.0,1.0,0.0,1.0
1.2231614214564743,-0.5546661333371994,0.3470672904774781,-0.47072241016576966,-0.47934163551176356,-0.40055117789194583,0.0,1.0,0.0,0.0,1.0,0.0,0.0,1.0,0.0,0.0,0.0,0.0,0.0,0.0,0.0,0.0,0.0,1.0,0.0,1.0
-0.09870692978614112,-0.5546661333371994,-0.7970761671326828,-0.47072241016576966,-0.47934163551176356,0.8130336674657798,0.0,1.0,0.0,0.0,1.0,0.0,0.0,1.0,0.0,0.0,0.0,0.0,0.0,0.0,0.0,0.0,0.0,1.0,0.0,1.0
0.9294128989581154,0.040096346988231245,0.38416714090051696,0.3799231635348091,-0.47934163551176356,-0.40055117789194583,0.0,1.0,0.0,0.0,1.0,0.0,0.0,1.0,0.0,0.0,0.0,0.0,0.0,0.0,0.0,0.0,0.0,1.0,0.0,1.0
0.41535298458598713,-0.5546661333371994,-0.7680121336586697,-0.47072241016576966,-0.47934163551176356,0.8130336674657798,0.0,1.0,0.0,0.0,1.0,0.0,0.0,1.0,0.0,0.0,0.0,0.0,0.0,0.0,0.0,0.0,0.0,1.0,0.0,1.0
-2.0080723260254745,2.4191462682899534,0.4164411896043107,2.0812143109359664,2.048741656965093,0.8130336674657798,1.0,0.0,0.0,0.0,1.0,0.0,1.0,0.0,0.0,0.0,0.0,0.0,0.0,0.0,0.0,0.0,0.0,1.0,0.0,1.0
0.12160446208762812,-0.5546661333371994,-0.6990123527072913,-0.47072241016576966,-0.47934163551176356,0.8130336674657798,1.0,0.0,0.0,0.0,1.0,0.0,0.0,0.0,1.0,0.0,0.0,0.0,0.0,0.0,0.0,0.0,0.0,1.0,0.0,1.0
-0.6862039747828591,0.040096346988231245,-0.1553244467531785,0.3799231635348091,-0.47934163551176356,0.8130336674657798,1.0,0.0,0.0,1.0,0.0,0.0,1.0,0.0,0.0,0.0,0.0,0.0,0.0,0.0,0.0,0.0,0.0,1.0,0.0,1.0
-0.09870692978614112,-0.5546661333371994,-0.7855436396344988,-0.47072241016576966,-0.47934163551176356,0.8130336674657798,0.0,1.0,0.0,0.0,1.0,0.0,0.0,1.0,0.0,0.0,0.0,0.0,0.0,0.0,0.0,0.0,0.0,1.0,0.0,1.0
-0.7596411054074489,0.040096346988231245,0.3470672904774781,0.3799231635348091,-0.47934163551176356,-0.40055117789194583,1.0,0.0,0.0,0.0,1.0,0.0,0.0,0.0,1.0,0.0,0.0,0.0,0.0,0.0,0.0,0.0,0.0,1.0,0.0,1.0
-0.6862039747828591,-0.5546661333371994,-0.7012059848131963,-0.47072241016576966,-0.47934163551176356,0.8130336674657798,0.0,1.0,0.0,0.0,1.0,0.0,0.0,1.0,0.0,0.0,0.0,0.0,0.0,0.0,0.0,0.0,0.0,1.0,0.0,1.0
-1.1268267585303977,3.6086712289408145,0.9318880073734521,3.7825054583371243,2.048741656965093,0.8130336674657798,0.0,1.0,0.0,0.0,1.0,0.0,0.0,1.0,0.0,0.0,0.0,0.0,0.0,0.0,0.0,0.0,0.0,1.0,0.0,1.0
0.3419158539613974,0.040096346988231245,0.22691287561651188,-0.47072241016576966,0.7847000107266648,-0.40055117789194583,1.0,0.0,0.0,0.0,1.0,0.0,0.0,0.0,1.0,0.0,0.0,0.0,0.0,0.0,0.0,0.0,0.0,1.0,0.0,1.0
-0.5393297135336796,-0.5546661333371994,-0.8038602864364113,-0.47072241016576966,-0.47934163551176356,0.8130336674657798,1.0,0.0,0.0,1.0,0.0,0.0,1.0,0.0,0.0,0.0,0.0,0.0,0.0,0.0,0.0,0.0,0.0,1.0,0.0,1.0
-0.5393297135336796,-0.5546661333371994,-0.8024019109872726,-0.47072241016576966,-0.47934163551176356,0.8130336674657798,1.0,0.0,0.0,1.0,0.0,0.0,1.0,0.0,0.0,0.0,0.0,0.0,0.0,0.0,0.0,0.0,0.0,1.0,0.0,1.0
1.590347074579423,-0.5546661333371994,-0.8024019109872726,-0.47072241016576966,-0.47934163551176356,0.8130336674657798,0.0,1.0,0.0,0.0,1.0,0.0,0.0,1.0,0.0,0.0,0.0,0.0,0.0,0.0,0.0,0.0,0.0,1.0,0.0,1.0
-0.5393297135336796,-0.5546661333371994,-0.8165837036808318,-0.47072241016576966,-0.47934163551176356,0.8130336674657798,1.0,0.0,0.0,1.0,0.0,0.0,1.0,0.0,0.0,0.0,0.0,0.0,0.0,0.0,0.0,0.0,0.0,1.0,0.0,1.0
-0.5393297135336796,-0.5546661333371994,-0.8024019109872726,-0.47072241016576966,-0.47934163551176356,0.8130336674657798,1.0,0.0,0.0,1.0,0.0,0.0,1.0,0.0,0.0,0.0,0.0,0.0,0.0,0.0,0.0,0.0,0.0,1.0,0.0,1.0
-0.5393297135336796,-0.5546661333371994,-0.8024019109872726,-0.47072241016576966,-0.47934163551176356,0.8130336674657798,1.0,0.0,0.0,1.0,0.0,0.0,1.0,0.0,0.0,0.0,0.0,0.0,0.0,0.0,0.0,0.0,0.0,1.0,0.0,1.0
-0.09870692978614112,-0.5546661333371994,-0.6164095917111074,-0.47072241016576966,-0.47934163551176356,0.8130336674657798,0.0,1.0,0.0,0.0,1.0,0.0,0.0,1.0,0.0,0.0,0.0,0.0,0.0,0.0,0.0,0.0,0.0,1.0,0.0,1.0
-0.3190183216599104,-0.5546661333371994,-0.3229354857942215,-0.47072241016576966,-0.47934163551176356,-0.40055117789194583,0.0,1.0,0.0,0.0,1.0,0.0,0.0,1.0,0.0,0.0,0.0,0.0,0.0,0.0,0.0,0.0,0.0,1.0,0.0,1.0
-0.7596411054074489,2.4191462682899534,2.6730860600257746,2.0812143109359664,2.048741656965093,-1.6141360232496715,0.0,1.0,0.0,0.0,1.0,0.0,0.0,1.0,0.0,0.0,0.0,0.0,0.0,1.0,0.0,0.0,0.0,0.0,1.0,0.0
0.41535298458598713,-0.5546661333371994,-0.7855436396344988,-0.47072241016576966,-0.47934163551176356,0.8130336674657798,0.0,1.0,1.0,0.0,0.0,0.0,0.0,1.0,0.0,0.0,0.0,0.0,0.0,0.0,0.0,0.0,0.0,1.0,0.0,1.0
0.41535298458598713,0.040096346988231245,1.510650651324187,0.3799231635348091,-0.47934163551176356,-1.6141360232496715,1.0,0.0,0.0,0.0,1.0,0.0,0.0,0.0,1.0,0.0,0.0,0.0,0.0,1.0,0.0,0.0,0.0,0.0,1.0,0.0
-1.4940124116533464,0.6348588273136618,-0.13088894427998912,0.3799231635348091,0.7847000107266648,0.8130336674657798,0.0,1.0,0.0,0.0,1.0,1.0,0.0,0.0,0.0,0.0,0.0,0.0,0.0,0.0,0.0,0.0,0.0,1.0,0.0,1.0
-0.6862039747828591,-0.5546661333371994,-1.3707375460305877,-0.47072241016576966,-0.47934163551176356,0.8130336674657798,0.0,1.0,1.0,0.0,0.0,0.0,0.0,1.0,0.0,0.0,0.0,0.0,0.0,0.0,0.0,0.0,0.0,1.0,0.0,1.0
0.9294128989581154,-0.5546661333371994,-0.3229354857942215,-0.47072241016576966,-0.47934163551176356,-0.40055117789194583,0.0,1.0,0.0,0.0,1.0,0.0,0.0,1.0,0.0,0.0,0.0,0.0,0.0,0.0,0.0,0.0,0.0,1.0,0.0,1.0
0.04816733146303837,-0.5546661333371994,-0.3229354857942215,-0.47072241016576966,-0.47934163551176356,-0.40055117789194583,0.0,1.0,0.0,0.0,1.0,0.0,0.0,1.0,0.0,0.0,0.0,0.0,0.0,0.0,0.0,0.0,0.0,1.0,0.0,1.0
-0.02526979916155138,-0.5546661333371994,-3.015126151940294,-0.47072241016576966,-0.47934163551176356,-0.40055117789194583,0.0,1.0,0.0,0.0,1.0,0.0,0.0,1.0,0.0,0.0,0.0,0.0,0.0,0.0,0.0,0.0,0.0,1.0,0.0,1.0
-0.6127668441582694,-0.5546661333371994,-0.7970761671326828,-0.47072241016576966,-0.47934163551176356,0.8130336674657798,0.0,1.0,0.0,0.0,1.0,0.0,0.0,1.0,0.0,0.0,0.0,0.0,0.0,0.0,0.0,0.0,0.0,1.0,0.0,1.0
1.2965985520810641,-0.5546661333371994,-0.8624270734479169,-0.47072241016576966,-0.47934163551176356,0.8130336674657798,0.0,1.0,0.0,0.0,1.0,0.0,0.0,1.0,0.0,0.0,0.0,0.0,0.0,0.0,0.0,0.0,0.0,1.0,0.0,1.0
-0.3190183216599104,1.2296213076390923,2.1135870410488122,0.3799231635348091,2.048741656965093,-1.6141360232496715,1.0,0.0,0.0,0.0,1.0,0.0,0.0,0.0,1.0,0.0,0.0,0.0,0.0,1.0,0.0,0.0,0.0,0.0,1.0,0.0
-0.9799524972812181,-0.5546661333371994,-0.6443118950932891,-0.47072241016576966,-0.47934163551176356,0.8130336674657798,0.0,1.0,0.0,0.0,1.0,0.0,0.0,1.0,0.0,0.0,0.0,0.0,0.0,0.0,0.0,0.0,0.0,1.0,0.0,1.0
1.1497242908318845,0.040096346988231245,1.510650651324187,0.3799231635348091,-0.47934163551176356,-1.6141360232496715,0.0,1.0,0.0,0.0,1.0,0.0,0.0,1.0,0.0,0.0,0.0,0.0,0.0,1.0,0.0,0.0,0.0,0.0,1.0,0.0
0.6356643764597564,-0.5546661333371994,-0.7012059848131963,-0.47072241016576966,-0.47934163551176356,0.8130336674657798,0.0,1.0,0.0,0.0,1.0,0.0,0.0,1.0,0.0,0.0,0.0,0.0,0.0,0.0,0.0,0.0,0.0,1.0,0.0,1.0
1.957532727702372,-0.5546661333371994,0.6546124257286282,-0.47072241016576966,-0.47934163551176356,-1.6141360232496715,0.0,1.0,1.0,0.0,0.0,0.0,0.0,0.0,0.0,1.0,0.0,1.0,0.0,0.0,0.0,0.0,0.0,0.0,1.0,0.0
-2.0815094566500645,0.6348588273136618,0.19926578085982907,0.3799231635348091,0.7847000107266648,0.8130336674657798,1.0,0.0,1.0,0.0,0.0,0.0,1.0,0.0,0.0,0.0,0.0,0.0,0.0,0.0,0.0,0.0,1.0,0.0,1.0,0.0
0.12160446208762812,-0.5546661333371994,1.0057301087897983,-0.47072241016576966,-0.47934163551176356,-1.6141360232496715,0.0,1.0,0.0,0.0,1.0,0.0,0.0,1.0,0.0,0.0,0.0,1.0,0.0,0.0,0.0,0.0,0.0,0.0,1.0,0.0
0.04816733146303837,-0.5546661333371994,1.625052703234074,-0.47072241016576966,-0.47934163551176356,-1.6141360232496715,1.0,0.0,0.0,0.0,1.0,0.0,1.0,0.0,0.0,0.0,0.0,0.0,1.0,0.0,0.0,0.0,0.0,0.0,1.0,0.0
1.1497242908318845,-0.5546661333371994,0.4100959634310145,-0.47072241016576966,-0.47934163551176356,-1.6141360232496715,0.0,1.0,1.0,0.0,0.0,0.0,0.0,1.0,0.0,0.0,0.0,0.0,0.0,0.0,0.0,0.0,0.0,1.0,0.0,1.0
-1.1268267585303977,-0.5546661333371994,-0.7903253443490756,-0.47072241016576966,-0.47934163551176356,0.8130336674657798,1.0,0.0,0.0,0.0,1.0,0.0,1.0,0.0,0.0,0.0,0.0,0.0,0.0,0.0,0.0,0.0,0.0,1.0,0.0,1.0
-0.9799524972812181,-0.5546661333371994,-0.8043507689082905,-0.47072241016576966,-0.47934163551176356,0.8130336674657798,1.0,0.0,0.0,1.0,0.0,0.0,1.0,0.0,0.0,0.0,0.0,0.0,0.0,0.0,0.0,0.0,0.0,1.0,0.0,1.0
0.7825386377089358,0.040096346988231245,-0.6188413770174351,0.3799231635348091,-0.47934163551176356,0.8130336674657798,1.0,0.0,0.0,0.0,1.0,0.0,0.0,0.0,1.0,0.0,0.0,0.0,0.0,0.0,0.0,0.0,0.0,1.0,0.0,1.0
1.8840955970777822,-0.5546661333371994,0.5043215557614832,-0.47072241016576966,-0.47934163551176356,-1.6141360232496715,0.0,1.0,0.0,0.0,1.0,0.0,0.0,1.0,0.0,0.0,0.0,0.0,0.0,1.0,0.0,0.0,0.0,0.0,1.0,0.0
-0.7596411054074489,-0.5546661333371994,-0.799491399874797,-0.47072241016576966,-0.47934163551176356,0.8130336674657798,0.0,1.0,0.0,0.0,1.0,0.0,0.0,1.0,0.0,0.0,0.0,0.0,0.0,0.0,0.0,0.0,0.0,1.0,0.0,1.0
1.1497242908318845,-0.5546661333371994,0.3676389646316987,-0.47072241016576966,-0.47934163551176356,-1.6141360232496715,0.0,1.0,0.0,0.0,1.0,0.0,0.0,1.0,0.0,0.0,0.0,0.0,0.0,0.0,0.0,0.0,0.0,1.0,0.0,1.0
0.48879011521057686,1.2296213076390923,1.8772202168782328,0.3799231635348091,2.048741656965093,-1.6141360232496715,1.0,0.0,0.0,0.0,1.0,0.0,0.0,0.0,1.0,0.0,0.0,0.0,1.0,0.0,0.0,0.0,0.0,0.0,1.0,0.0
-0.17214406041073088,-0.5546661333371994,-0.7822005884264942,-0.47072241016576966,-0.47934163551176356,0.8130336674657798,1.0,0.0,0.0,0.0,1.0,0.0,1.0,0.0,0.0,0.0,0.0,0.0,0.0,0.0,0.0,0.0,0.0,1.0,0.0,1.0
1.4434728133302437,0.040096346988231245,1.4257504104750862,0.3799231635348091,-0.47934163551176356,-1.6141360232496715,1.0,0.0,1.0,0.0,0.0,0.0,0.0,0.0,1.0,0.0,0.0,0.0,0.0,0.0,1.0,0.0,0.0,0.0,1.0,0.0
0.8559757683335256,-0.5546661333371994,1.9926800378446519,-0.47072241016576966,-0.47934163551176356,-1.6141360232496715,1.0,0.0,1.0,0.0,0.0,0.0,1.0,0.0,0.0,0.0,0.0,0.0,0.0,0.0,0.0,1.0,0.0,0.0,1.0,0.0
-0.7596411054074489,0.040096346988231245,1.0560573061526537,0.3799231635348091,-0.47934163551176356,-1.6141360232496715,0.0,1.0,0.0,0.0,1.0,0.0,0.0,1.0,0.0,0.0,0.0,0.0,0.0,0.0,1.0,0.0,0.0,0.0,1.0,0.0
0.2684787233368076,-0.5546661333371994,-0.799491399874797,-0.47072241016576966,-0.47934163551176356,0.8130336674657798,0.0,1.0,0.0,0.0,1.0,0.0,0.0,1.0,0.0,0.0,0.0,0.0,0.0,0.0,0.0,0.0,0.0,1.0,0.0,1.0
-0.17214406041073088,0.040096346988231245,1.0560573061526537,0.3799231635348091,-0.47934163551176356,-1.6141360232496715,0.0,1.0,0.0,0.0,1.0,0.0,0.0,1.0,0.0,0.0,0.0,0.0,0.0,0.0,0.0,1.0,0.0,0.0,1.0,0.0
1.1497242908318845,-0.5546661333371994,0.4100959634310145,-0.47072241016576966,-0.47934163551176356,-1.6141360232496715,0.0,1.0,1.0,0.0,0.0,0.0,0.0,1.0,0.0,0.0,0.0,0.0,0.0,0.0,0.0,0.0,0.0,1.0,0.0,1.0
0.41535298458598713,-0.5546661333371994,0.35787239698086803,-0.47072241016576966,-0.47934163551176356,-1.6141360232496715,0.0,1.0,0.0,0.0,1.0,0.0,0.0,1.0,0.0,0.0,0.0,0.0,0.0,0.0,0.0,1.0,0.0,0.0,1.0,0.0
-0.02526979916155138,0.6348588273136618,-0.5269381951167547,0.3799231635348091,0.7847000107266648,0.8130336674657798,1.0,0.0,0.0,0.0,1.0,0.0,0.0,0.0,1.0,0.0,0.0,0.0,0.0,0.0,0.0,0.0,1.0,0.0,1.0,0.0
0.04816733146303837,1.2296213076390923,0.13814965916370786,2.0812143109359664,-0.47934163551176356,-0.40055117789194583,1.0,0.0,0.0,0.0,1.0,0.0,0.0,0.0,1.0,0.0,0.0,0.0,0.0,0.0,0.0,0.0,0.0,1.0,0.0,1.0
0.3419158539613974,-0.5546661333371994,-0.7680121336586697,-0.47072241016576966,-0.47934163551176356,0.8130336674657798,0.0,1.0,0.0,0.0,1.0,0.0,0.0,1.0,0.0,0.0,0.0,0.0,0.0,0.0,0.0,0.0,0.0,1.0,0.0,1.0
-0.02526979916155138,-0.5546661333371994,-0.7855436396344988,-0.47072241016576966,-0.47934163551176356,0.8130336674657798,0.0,1.0,1.0,0.0,0.0,0.0,0.0,1.0,0.0,0.0,0.0,0.0,0.0,0.0,0.0,0.0,0.0,1.0,0.0,1.0
-0.7596411054074489,-0.5546661333371994,0.48799907229564676,-0.47072241016576966,-0.47934163551176356,-1.6141360232496715,1.0,0.0,0.0,0.0,1.0,0.0,1.0,0.0,0.0,0.0,0.0,0.0,1.0,0.0,0.0,0.0,0.0,0.0,1.0,0.0
0.41535298458598713,-0.5546661333371994,2.001176785033068,-0.47072241016576966,-0.47934163551176356,-1.6141360232496715,1.0,0.0,0.0,0.0,1.0,0.0,1.0,0.0,0.0,0.0,0.0,0.0,0.0,1.0,0.0,0.0,0.0,0.0,1.0,0.0
-0.17214406041073088,5.392958669917107,1.3268899785322608,6.33444217943886,2.048741656965093,0.8130336674657798,0.0,1.0,0.0,0.0,1.0,0.0,0.0,1.0,0.0,0.0,0.0,0.0,0.0,0.0,0.0,0.0,0.0,1.0,0.0,1.0
0.7825386377089358,-0.5546661333371994,-0.1399838049925209,-0.47072241016576966,-0.47934163551176356,-0.40055117789194583,1.0,0.0,0.0,0.0,1.0,0.0,0.0,0.0,1.0,0.0,0.0,0.0,0.0,0.0,0.0,0.0,0.0,1.0,0.0,1.0
2.3981555114499105,-0.5546661333371994,0.3676389646316987,-0.47072241016576966,-0.47934163551176356,-1.6141360232496715,0.0,1.0,0.0,0.0,1.0,0.0,0.0,1.0,0.0,0.0,0.0,0.0,0.0,0.0,0.0,0.0,0.0,1.0,0.0,1.0
-0.3190183216599104,0.040096346988231245,-0.7822005884264942,0.3799231635348091,-0.47934163551176356,0.8130336674657798,1.0,0.0,0.0,0.0,1.0,0.0,1.0,0.0,0.0,0.0,0.0,0.0,0.0,0.0,0.0,0.0,0.0,1.0,0.0,1.0
-0.24558119103532064,-0.5546661333371994,-0.7680121336586697,-0.47072241016576966,-0.47934163551176356,0.8130336674657798,0.0,1.0,0.0,0.0,1.0,0.0,0.0,1.0,0.0,0.0,0.0,0.0,0.0,0.0,0.0,0.0,0.0,1.0,0.0,1.0
-0.8330782360320387,0.040096346988231245,-0.22212234643632833,-0.47072241016576966,0.7847000107266648,0.8130336674657798,1.0,0.0,1.0,0.0,0.0,0.0,1.0,0.0,0.0,0.0,0.0,0.0,0.0,0.0,0.0,0.0,0.0,1.0,0.0,1.0
0.3419158539613974,0.040096346988231245,0.13814965916370786,0.3799231635348091,-0.47934163551176356,-0.40055117789194583,0.0,1.0,0.0,0.0,1.0,0.0,0.0,1.0,0.0,0.0,0.0,0.0,0.0,0.0,0.0,0.0,0.0,1.0,0.0,1.0
1.370035682705654,-0.5546661333371994,-0.7903253443490756,-0.47072241016576966,-0.47934163551176356,0.8130336674657798,0.0,1.0,0.0,0.0,1.0,0.0,0.0,1.0,0.0,0.0,0.0,0.0,0.0,0.0,0.0,0.0,0.0,1.0,0.0,1.0
-0.09870692978614112,-0.5546661333371994,-0.7855436396344988,-0.47072241016576966,-0.47934163551176356,0.8130336674657798,0.0,1.0,0.0,0.0,1.0,0.0,0.0,1.0,0.0,0.0,0.0,0.0,0.0,0.0,0.0,0.0,0.0,1.0,0.0,1.0
-0.39245545228450013,0.6348588273136618,0.2746592692781365,1.2305687372353877,-0.47934163551176356,0.8130336674657798,0.0,1.0,0.0,0.0,1.0,0.0,0.0,1.0,0.0,0.0,0.0,0.0,0.0,0.0,0.0,0.0,0.0,1.0,0.0,1.0
-0.9065153666566284,-0.5546661333371994,-0.39853550731719045,-0.47072241016576966,-0.47934163551176356,-0.40055117789194583,1.0,0.0,1.0,0.0,0.0,0.0,1.0,0.0,0.0,0.0,0.0,0.0,0.0,0.0,0.0,0.0,0.0,1.0,0.0,1.0
0.6356643764597564,0.040096346988231245,1.3516500886367815,0.3799231635348091,-0.47934163551176356,-1.6141360232496715,1.0,0.0,1.0,0.0,0.0,0.0,0.0,0.0,1.0,0.0,0.0,0.0,0.0,1.0,0.0,0.0,0.0,0.0,1.0,0.0
-0.09870692978614112,-0.5546661333371994,-0.8650022939791525,-0.47072241016576966,-0.47934163551176356,0.8130336674657798,0.0,1.0,1.0,0.0,0.0,0.0,0.0,1.0,0.0,0.0,0.0,0.0,0.0,0.0,0.0,0.0,0.0,1.0,0.0,1.0
0.7825386377089358,-0.5546661333371994,-0.7855436396344988,-0.47072241016576966,-0.47934163551176356,0.8130336674657798,0.0,1.0,0.0,0.0,1.0,0.0,0.0,1.0,0.0,0.0,0.0,0.0,0.0,0.0,0.0,0.0,0.0,1.0,0.0,1.0
-0.5393297135336796,-0.5546661333371994,-0.6661820703543918,-0.47072241016576966,-0.47934163551176356,0.8130336674657798,0.0,1.0,0.0,0.0,1.0,0.0,0.0,1.0,0.0,0.0,0.0,0.0,0.0,0.0,0.0,0.0,0.0,1.0,0.0,1.0
-2.0080723260254745,0.040096346988231245,-0.5269381951167547,-0.47072241016576966,0.7847000107266648,0.8130336674657798,1.0,0.0,0.0,0.0,1.0,0.0,1.0,0.0,0.0,0.0,0.0,0.0,0.0,0.0,0.0,0.0,1.0,0.0,1.0,0.0
-0.09870692978614112,0.040096346988231245,1.4947780808175968,0.3799231635348091,-0.47934163551176356,-1.6141360232496715,0.0,1.0,1.0,0.0,0.0,0.0,0.0,1.0,0.0,0.0,0.0,0.0,0.0,0.0,0.0,0.0,0.0,1.0,0.0,1.0
-0.8330782360320387,-0.5546661333371994,-0.8024019109872726,-0.47072241016576966,-0.47934163551176356,0.8130336674657798,0.0,1.0,0.0,0.0,1.0,0.0,0.0,1.0,0.0,0.0,0.0,0.0,0.0,0.0,0.0,0.0,0.0,1.0,0.0,1.0
-0.09870692978614112,-0.5546661333371994,0.2065202600990335,-0.47072241016576966,-0.47934163551176356,0.8130336674657798,0.0,1.0,0.0,0.0,1.0,0.0,0.0,1.0,0.0,0.0,0.0,0.0,0.0,0.0,0.0,0.0,0.0,1.0,0.0,1.0
-0.7596411054074489,-0.5546661333371994,0.3470672904774781,-0.47072241016576966,-0.47934163551176356,-0.40055117789194583,1.0,0.0,0.0,0.0,1.0,0.0,1.0,0.0,0.0,0.0,0.0,0.0,0.0,0.0,0.0,0.0,0.0,1.0,0.0,1.0
-0.09870692978614112,-0.5546661333371994,-0.7680121336586697,-0.47072241016576966,-0.47934163551176356,0.8130336674657798,0.0,1.0,0.0,0.0,1.0,0.0,0.0,1.0,0.0,0.0,0.0,0.0,0.0,0.0,0.0,0.0,0.0,1.0,0.0,1.0
2.251281250200731,0.040096346988231245,1.406149999188669,0.3799231635348091,-0.47934163551176356,-1.6141360232496715,1.0,0.0,1.0,0.0,0.0,0.0,0.0,0.0,1.0,0.0,0.0,0.0,0.0,0.0,1.0,0.0,0.0,0.0,1.0,0.0
-0.6862039747828591,-0.5546661333371994,-0.7903253443490756,-0.47072241016576966,-0.47934163551176356,0.8130336674657798,0.0,1.0,0.0,0.0,1.0,0.0,0.0,1.0,0.0,0.0,0.0,0.0,0.0,0.0,0.0,0.0,0.0,1.0,0.0,1.0
1.1497242908318845,-0.5546661333371994,0.6546124257286282,-0.47072241016576966,-0.47934163551176356,-1.6141360232496715,0.0,1.0,0.0,0.0,1.0,0.0,0.0,1.0,0.0,0.0,0.0,1.0,0.0,0.0,0.0,0.0,0.0,0.0,1.0,0.0
-0.5393297135336796,-0.5546661333371994,-0.7680121336586697,-0.47072241016576966,-0.47934163551176356,0.8130336674657798,1.0,0.0,0.0,0.0,1.0,0.0,1.0,0.0,0.0,0.0,0.0,0.0,0.0,0.0,0.0,0.0,0.0,1.0,0.0,1.0
-0.39245545228450013,-0.5546661333371994,-0.3229354857942215,-0.47072241016576966,-0.47934163551176356,-0.40055117789194583,1.0,0.0,0.0,0.0,1.0,0.0,1.0,0.0,0.0,0.0,0.0,0.0,0.0,0.0,0.0,0.0,1.0,0.0,1.0,0.0
-0.09870692978614112,-0.5546661333371994,-0.8024019109872726,-0.47072241016576966,-0.47934163551176356,0.8130336674657798,0.0,1.0,0.0,1.0,0.0,0.0,0.0,1.0,0.0,0.0,0.0,0.0,0.0,0.0,0.0,0.0,1.0,0.0,1.0,0.0
-0.6862039747828591,0.040096346988231245,-0.1553244467531785,0.3799231635348091,-0.47934163551176356,0.8130336674657798,1.0,0.0,0.0,1.0,0.0,0.0,1.0,0.0,0.0,0.0,0.0,0.0,0.0,0.0,0.0,0.0,0.0,1.0,0.0,1.0
0.7091015070843462,3.013908748615384,0.5291162981063051,0.3799231635348091,5.840866595680379,0.8130336674657798,0.0,1.0,0.0,0.0,1.0,0.0,0.0,1.0,0.0,0.0,0.0,0.0,0.0,0.0,0.0,0.0,0.0,1.0,0.0,1.0
-0.24558119103532064,-0.5546661333371994,-0.7903253443490756,-0.47072241016576966,-0.47934163551176356,0.8130336674657798,1.0,0.0,0.0,0.0,1.0,0.0,1.0,0.0,0.0,0.0,0.0,0.0,0.0,0.0,0.0,0.0,0.0,1.0,0.0,1.0
-0.39245545228450013,1.2296213076390923,0.38416714090051696,1.2305687372353877,0.7847000107266648,-0.40055117789194583,1.0,0.0,0.0,0.0,1.0,0.0,0.0,0.0,1.0,0.0,0.0,0.0,0.0,0.0,0.0,0.0,0.0,1.0,0.0,1.0
0.48879011521057686,-0.5546661333371994,-0.3229354857942215,-0.47072241016576966,-0.47934163551176356,-0.40055117789194583,1.0,0.0,0.0,0.0,1.0,0.0,1.0,0.0,0.0,0.0,0.0,0.0,0.0,0.0,0.0,0.0,0.0,1.0,0.0,1.0
0.5622272458351666,0.040096346988231245,0.47807873363611597,-0.47072241016576966,0.7847000107266648,-1.6141360232496715,0.0,1.0,1.0,0.0,0.0,0.0,0.0,1.0,0.0,0.0,0.0,0.0,0.0,1.0,0.0,0.0,0.0,0.0,1.0,0.0
1.5169099439548335,0.040096346988231245,1.0912697675952558,-0.47072241016576966,0.7847000107266648,-1.6141360232496715,1.0,0.0,0.0,0.0,1.0,0.0,0.0,0.0,1.0,0.0,0.0,0.0,0.0,0.0,0.0,1.0,0.0,0.0,1.0,0.0
-0.09870692978614112,-0.5546661333371994,-0.52360623749073,-0.47072241016576966,-0.47934163551176356,-0.40055117789194583,0.0,1.0,0.0,0.0,1.0,0.0,0.0,1.0,0.0,0.0,0.0,0.0,0.0,0.0,0.0,0.0,0.0,1.0,0.0,1.0
-0.7596411054074489,-0.5546661333371994,-0.7855436396344988,-0.47072241016576966,-0.47934163551176356,0.8130336674657798,0.0,1.0,0.0,0.0,1.0,0.0,0.0,1.0,0.0,0.0,0.0,0.0,0.0,0.0,0.0,0.0,0.0,1.0,0.0,1.0
1.0028500295827052,-0.5546661333371994,-0.9664798368501717,-0.47072241016576966,-0.47934163551176356,0.8130336674657798,0.0,1.0,0.0,0.0,1.0,0.0,0.0,1.0,0.0,0.0,0.0,0.0,0.0,0.0,0.0,0.0,0.0,1.0,0.0,1.0
-0.3190183216599104,0.040096346988231245,1.5985794666437594,0.3799231635348091,-0.47934163551176356,-1.6141360232496715,0.0,1.0,1.0,0.0,0.0,0.0,0.0,1.0,0.0,0.0,0.0,0.0,1.0,0.0,0.0,0.0,0.0,0.0,1.0,0.0
1.2965985520810641,-0.5546661333371994,-0.6661820703543918,-0.47072241016576966,-0.47934163551176356,0.8130336674657798,0.0,1.0,0.0,0.0,1.0,0.0,0.0,1.0,0.0,0.0,0.0,0.0,0.0,0.0,0.0,0.0,0.0,1.0,0.0,1.0
-0.9799524972812181,-0.5546661333371994,1.5465421705986295,-0.47072241016576966,-0.47934163551176356,-1.6141360232496715,1.0,0.0,0.0,0.0,1.0,0.0,1.0,0.0,0.0,0.0,0.0,0.0,1.0,0.0,0.0,0.0,0.0,0.0,1.0,0.0
-2.0815094566500645,0.6348588273136618,0.028088519813981597,0.3799231635348091,0.7847000107266648,-0.40055117789194583,0.0,1.0,0.0,0.0,1.0,1.0,0.0,0.0,0.0,0.0,0.0,0.0,0.0,0.0,0.0,0.0,0.0,1.0,0.0,1.0
-0.5393297135336796,-0.5546661333371994,-0.8780019325102421,-0.47072241016576966,-0.47934163551176356,0.8130336674657798,0.0,1.0,0.0,0.0,1.0,0.0,0.0,1.0,0.0,0.0,0.0,0.0,0.0,0.0,0.0,0.0,0.0,1.0,0.0,1.0
-0.7596411054074489,-0.5546661333371994,-0.7855436396344988,-0.47072241016576966,-0.47934163551176356,0.8130336674657798,0.0,1.0,0.0,0.0,1.0,0.0,0.0,1.0,0.0,0.0,0.0,0.0,0.0,0.0,0.0,0.0,0.0,1.0,0.0,1.0
-0.09870692978614112,-0.5546661333371994,-0.28713765654720713,-0.47072241016576966,-0.47934163551176356,-0.40055117789194583,0.0,1.0,0.0,0.0,1.0,0.0,0.0,1.0,0.0,0.0,0.0,0.0,0.0,0.0,0.0,0.0,0.0,1.0,0.0,1.0
-1.1268267585303977,2.4191462682899534,0.7654077524406184,2.931859884636545,0.7847000107266648,0.8130336674657798,0.0,1.0,0.0,0.0,1.0,0.0,0.0,1.0,0.0,0.0,0.0,0.0,0.0,0.0,0.0,0.0,0.0,1.0,0.0,1.0
0.48879011521057686,-0.5546661333371994,-0.7855436396344988,-0.47072241016576966,-0.47934163551176356,0.8130336674657798,0.0,1.0,0.0,0.0,1.0,0.0,0.0,1.0,0.0,0.0,0.0,0.0,0.0,0.0,0.0,0.0,0.0,1.0,0.0,1.0
-0.02526979916155138,-0.5546661333371994,0.48799907229564676,-0.47072241016576966,-0.47934163551176356,-1.6141360232496715,0.0,1.0,0.0,0.0,1.0,0.0,0.0,1.0,0.0,0.0,0.0,0.0,0.0,0.0,1.0,0.0,0.0,0.0,1.0,0.0
0.9294128989581154,-0.5546661333371994,-0.8141277119601591,-0.47072241016576966,-0.47934163551176356,0.8130336674657798,0.0,1.0,0.0,0.0,1.0,0.0,0.0,1.0,0.0,0.0,0.0,0.0,0.0,0.0,0.0,0.0,1.0,0.0,1.0,0.0
1.1497242908318845,-0.5546661333371994,1.035101446979864,-0.47072241016576966,-0.47934163551176356,-1.6141360232496715,0.0,1.0,0.0,0.0,1.0,0.0,0.0,1.0,0.0,0.0,0.0,1.0,0.0,0.0,0.0,0.0,0.0,0.0,1.0,0.0
-0.17214406041073088,-0.5546661333371994,1.4257504104750862,-0.47072241016576966,-0.47934163551176356,-1.6141360232496715,0.0,1.0,1.0,0.0,0.0,0.0,0.0,1.0,0.0,0.0,0.0,0.0,0.0,0.0,1.0,0.0,0.0,0.0,1.0,0.0
-0.02526979916155138,-0.5546661333371994,-0.8024019109872726,-0.47072241016576966,-0.47934163551176356,0.8130336674657798,0.0,1.0,0.0,1.0,0.0,0.0,0.0,1.0,0.0,0.0,0.0,0.0,0.0,0.0,0.0,0.0,0.0,1.0,0.0,1.0
-1.7877609341517053,1.2296213076390923,0.41113259070569524,0.3799231635348091,2.048741656965093,-0.40055117789194583,1.0,0.0,0.0,0.0,1.0,0.0,1.0,0.0,0.0,0.0,0.0,0.0,0.0,0.0,0.0,0.0,0.0,1.0,0.0,1.0
-0.5393297135336796,-0.5546661333371994,-0.5841355430073136,-0.47072241016576966,-0.47934163551176356,0.8130336674657798,1.0,0.0,0.0,0.0,1.0,0.0,1.0,0.0,0.0,0.0,0.0,0.0,0.0,0.0,0.0,0.0,0.0,1.0,0.0,1.0
-0.09870692978614112,-0.5546661333371994,-0.8024019109872726,-0.47072241016576966,-0.47934163551176356,0.8130336674657798,0.0,1.0,0.0,1.0,0.0,0.0,0.0,1.0,0.0,0.0,0.0,0.0,0.0,0.0,0.0,0.0,0.0,1.0,0.0,1.0
0.04816733146303837,-0.5546661333371994,-0.3229354857942215,-0.47072241016576966,-0.47934163551176356,-0.40055117789194583,1.0,0.0,0.0,0.0,1.0,0.0,1.0,0.0,0.0,0.0,0.0,0.0,0.0,0.0,0.0,0.0,0.0,1.0,0.0,1.0
2.3981555114499105,-0.5546661333371994,0.3676389646316987,-0.47072241016576966,-0.47934163551176356,-1.6141360232496715,0.0,1.0,0.0,0.0,1.0,0.0,0.0,1.0,0.0,0.0,0.0,0.0,0.0,1.0,0.0,0.0,0.0,0.0,1.0,0.0
0.3419158539613974,-0.5546661333371994,-0.3229354857942215,-0.47072241016576966,-0.47934163551176356,-0.40055117789194583,0.0,1.0,0.0,0.0,1.0,0.0,0.0,1.0,0.0,0.0,0.0,0.0,0.0,0.0,1.0,0.0,0.0,0.0,1.0,0.0
-0.09870692978614112,-0.5546661333371994,-0.7855436396344988,-0.47072241016576966,-0.47934163551176356,0.8130336674657798,0.0,1.0,0.0,0.0,1.0,0.0,0.0,1.0,0.0,0.0,0.0,0.0,0.0,0.0,0.0,0.0,0.0,1.0,0.0,1.0
-0.09870692978614112,-0.5546661333371994,-0.8024019109872726,-0.47072241016576966,-0.47934163551176356,0.8130336674657798,0.0,1.0,0.0,1.0,0.0,0.0,0.0,1.0,0.0,0.0,0.0,0.0,0.0,0.0,0.0,0.0,0.0,1.0,0.0,1.0
1.076287160207295,0.040096346988231245,-0.1188872358162066,-0.47072241016576966,0.7847000107266648,0.8130336674657798,0.0,1.0,0.0,0.0,1.0,0.0,0.0,1.0,0.0,0.0,0.0,0.0,0.0,0.0,0.0,0.0,0.0,1.0,0.0,1.0
1.1497242908318845,-0.5546661333371994,-0.8024019109872726,-0.47072241016576966,-0.47934163551176356,0.8130336674657798,1.0,0.0,0.0,0.0,1.0,0.0,1.0,0.0,0.0,0.0,0.0,0.0,0.0,0.0,0.0,0.0,0.0,1.0,0.0,1.0
-0.7596411054074489,-0.5546661333371994,-0.3229354857942215,-0.47072241016576966,-0.47934163551176356,-0.40055117789194583,0.0,1.0,0.0,0.0,1.0,0.0,0.0,1.0,0.0,0.0,0.0,0.0,0.0,0.0,0.0,0.0,0.0,1.0,0.0,1.0
-0.8330782360320387,-0.5546661333371994,1.38246424473573,-0.47072241016576966,-0.47934163551176356,-0.40055117789194583,0.0,1.0,0.0,0.0,1.0,0.0,0.0,1.0,0.0,0.0,0.0,0.0,0.0,0.0,0.0,0.0,0.0,1.0,0.0,1.0
0.12160446208762812,-0.5546661333371994,-0.799491399874797,-0.47072241016576966,-0.47934163551176356,0.8130336674657798,0.0,1.0,0.0,0.0,1.0,0.0,0.0,1.0,0.0,0.0,0.0,0.0,0.0,0.0,0.0,0.0,0.0,1.0,0.0,1.0
-0.02526979916155138,-0.5546661333371994,-3.015126151940294,-0.47072241016576966,-0.47934163551176356,-0.40055117789194583,0.0,1.0,0.0,0.0,1.0,0.0,0.0,1.0,0.0,0.0,0.0,0.0,0.0,0.0,0.0,0.0,0.0,1.0,0.0,1.0
-0.6127668441582694,-0.5546661333371994,-0.8624270734479169,-0.47072241016576966,-0.47934163551176356,0.8130336674657798,0.0,1.0,0.0,0.0,1.0,0.0,0.0,1.0,0.0,0.0,0.0,0.0,0.0,0.0,0.0,0.0,0.0,1.0,0.0,1.0
-0.3190183216599104,-0.5546661333371994,-0.3229354857942215,-0.47072241016576966,-0.47934163551176356,-0.40055117789194583,0.0,1.0,0.0,0.0,1.0,0.0,0.0,1.0,0.0,0.0,0.0,0.0,0.0,0.0,0.0,0.0,0.0,1.0,0.0,1.0
0.19504159271221788,-0.5546661333371994,-0.7333810602989635,-0.47072241016576966,-0.47934163551176356,0.8130336674657798,0.0,1.0,0.0,0.0,1.0,0.0,0.0,1.0,0.0,0.0,0.0,0.0,0.0,0.0,0.0,0.0,0.0,1.0,0.0,1.0
0.04816733146303837,0.040096346988231245,0.26855675784203303,0.3799231635348091,-0.47934163551176356,-0.40055117789194583,0.0,1.0,1.0,0.0,0.0,0.0,0.0,1.0,0.0,0.0,0.0,0.0,0.0,0.0,0.0,0.0,0.0,1.0,0.0,1.0
0.7825386377089358,-0.5546661333371994,-0.8655230802337704,-0.47072241016576966,-0.47934163551176356,0.8130336674657798,0.0,1.0,1.0,0.0,0.0,0.0,0.0,1.0,0.0,0.0,0.0,0.0,0.0,0.0,0.0,0.0,0.0,1.0,0.0,1.0
0.2684787233368076,-0.5546661333371994,-0.7855436396344988,-0.47072241016576966,-0.47934163551176356,0.8130336674657798,0.0,1.0,1.0,0.0,0.0,0.0,0.0,1.0,0.0,0.0,0.0,0.0,0.0,0.0,0.0,0.0,0.0,1.0,0.0,1.0
0.48879011521057686,-0.5546661333371994,-0.8324772575862044,-0.47072241016576966,-0.47934163551176356,0.8130336674657798,0.0,1.0,0.0,0.0,1.0,0.0,0.0,1.0,0.0,0.0,0.0,0.0,0.0,0.0,0.0,0.0,0.0,1.0,0.0,1.0
1.2965985520810641,0.6348588273136618,1.0457131930702301,0.3799231635348091,0.7847000107266648,-1.6141360232496715,1.0,0.0,0.0,0.0,1.0,0.0,0.0,0.0,1.0,0.0,0.0,0.0,0.0,0.0,1.0,0.0,0.0,0.0,1.0,0.0
0.3419158539613974,0.040096346988231245,0.3470672904774781,0.3799231635348091,-0.47934163551176356,-0.40055117789194583,0.0,1.0,0.0,0.0,1.0,0.0,0.0,1.0,0.0,0.0,0.0,0.0,0.0,0.0,0.0,0.0,0.0,1.0,0.0,1.0
-0.7596411054074489,-0.5546661333371994,-0.7680121336586697,-0.47072241016576966,-0.47934163551176356,0.8130336674657798,0.0,1.0,0.0,0.0,1.0,0.0,0.0,1.0,0.0,0.0,0.0,0.0,0.0,0.0,0.0,0.0,0.0,1.0,0.0,1.0
-0.09870692978614112,-0.5546661333371994,-0.7680121336586697,-0.47072241016576966,-0.47934163551176356,0.8130336674657798,0.0,1.0,0.0,0.0,1.0,0.0,0.0,1.0,0.0,0.0,0.0,0.0,0.0,0.0,0.0,0.0,0.0,1.0,0.0,1.0
1.5169099439548335,-0.5546661333371994,-0.52360623749073,-0.47072241016576966,-0.47934163551176356,-0.40055117789194583,1.0,0.0,0.0,0.0,1.0,0.0,1.0,0.0,0.0,0.0,0.0,0.0,0.0,0.0,0.0,0.0,0.0,1.0,0.0,1.0
-0.8330782360320387,0.6348588273136618,0.2374843013370833,1.2305687372353877,-0.47934163551176356,0.8130336674657798,1.0,0.0,0.0,1.0,0.0,0.0,1.0,0.0,0.0,0.0,0.0,0.0,0.0,0.0,0.0,0.0,0.0,1.0,0.0,1.0
-0.3190183216599104,0.040096346988231245,-0.8024019109872726,0.3799231635348091,-0.47934163551176356,0.8130336674657798,0.0,1.0,0.0,1.0,0.0,0.0,0.0,1.0,0.0,0.0,0.0,0.0,0.0,0.0,0.0,0.0,0.0,1.0,0.0,1.0
-0.02526979916155138,-0.5546661333371994,-3.015126151940294,-0.47072241016576966,-0.47934163551176356,-0.40055117789194583,0.0,1.0,0.0,0.0,1.0,0.0,0.0,1.0,0.0,0.0,0.0,0.0,0.0,0.0,0.0,0.0,0.0,1.0,0.0,1.0
-0.09870692978614112,-0.5546661333371994,-0.7680121336586697,-0.47072241016576966,-0.47934163551176356,0.8130336674657798,0.0,1.0,0.0,0.0,1.0,0.0,0.0,1.0,0.0,0.0,0.0,0.0,0.0,0.0,0.0,0.0,0.0,1.0,0.0,1.0
0.41535298458598713,-0.5546661333371994,-0.7680121336586697,-0.47072241016576966,-0.47934163551176356,0.8130336674657798,0.0,1.0,0.0,0.0,1.0,0.0,0.0,1.0,0.0,0.0,0.0,0.0,0.0,0.0,0.0,0.0,0.0,1.0,0.0,1.0
0.41535298458598713,-0.5546661333371994,0.3470672904774781,-0.47072241016576966,-0.47934163551176356,-0.40055117789194583,0.0,1.0,0.0,0.0,1.0,0.0,0.0,1.0,0.0,0.0,0.0,0.0,0.0,0.0,0.0,0.0,0.0,1.0,0.0,1.0
-0.8330782360320387,0.040096346988231245,2.525877242903418,0.3799231635348091,-0.47934163551176356,-1.6141360232496715,1.0,0.0,1.0,0.0,0.0,0.0,0.0,0.0,1.0,0.0,0.0,0.0,0.0,1.0,0.0,0.0,0.0,0.0,1.0,0.0
-0.9799524972812181,3.6086712289408145,0.9318880073734521,3.7825054583371243,2.048741656965093,0.8130336674657798,1.0,0.0,0.0,0.0,1.0,0.0,1.0,0.0,0.0,0.0,0.0,0.0,0.0,0.0,0.0,0.0,0.0,1.0,0.0,1.0
-0.6127668441582694,-0.5546661333371994,-0.8141277119601591,-0.47072241016576966,-0.47934163551176356,0.8130336674657798,1.0,0.0,0.0,0.0,1.0,0.0,1.0,0.0,0.0,0.0,0.0,0.0,0.0,0.0,0.0,0.0,0.0,1.0,0.0,1.0
1.1497242908318845,-0.5546661333371994,0.5203869815333978,-0.47072241016576966,-0.47934163551176356,-1.6141360232496715,0.0,1.0,0.0,0.0,1.0,0.0,0.0,1.0,0.0,0.0,0.0,0.0,0.0,0.0,0.0,0.0,0.0,1.0,0.0,1.0
0.8559757683335256,0.6348588273136618,-0.24521464771621654,1.2305687372353877,-0.47934163551176356,0.8130336674657798,0.0,1.0,0.0,0.0,1.0,0.0,0.0,1.0,0.0,0.0,0.0,0.0,0.0,0.0,0.0,0.0,0.0,1.0,0.0,1.0
-1.1268267585303977,1.2296213076390923,1.8772202168782328,0.3799231635348091,2.048741656965093,-1.6141360232496715,1.0,0.0,0.0,0.0,1.0,0.0,1.0,0.0,0.0,0.0,0.0,0.0,1.0,0.0,0.0,0.0,0.0,0.0,1.0,0.0
-0.6127668441582694,0.040096346988231245,1.4330514614248229,-0.47072241016576966,0.7847000107266648,-1.6141360232496715,0.0,1.0,0.0,0.0,1.0,0.0,0.0,1.0,0.0,0.0,0.0,0.0,0.0,0.0,1.0,0.0,0.0,0.0,1.0,0.0
